,Player,Age,Team,Pos,G,GS,Att,Yds,TD,1D,Succ%,Lng,Y/A,Y/G,A/G,Fmb,Awards
0,Derrick Henry,25.0,TEN,RB,15.0,15.0,303.0,1540.0,16.0,73.0,49.2,74.0,5.1,102.7,20.2,5.0,"PB,AP-2"
1,Ezekiel Elliott,24.0,DAL,RB,16.0,16.0,301.0,1357.0,12.0,78.0,54.8,33.0,4.5,84.8,18.8,3.0,PB
2,Nick Chubb,24.0,CLE,RB,16.0,16.0,298.0,1494.0,8.0,62.0,43.6,88.0,5.0,93.4,18.6,3.0,PB
3,Christian McCaffrey,23.0,CAR,RB,16.0,16.0,287.0,1387.0,15.0,57.0,46.3,84.0,4.8,86.7,17.9,1.0,"PB,AP-1,AP OPoY-3"
4,Chris Carson,25.0,SEA,RB,15.0,15.0,278.0,1230.0,7.0,75.0,53.6,59.0,4.4,82.0,18.5,7.0,0
5,Joe Mixon,23.0,CIN,RB,16.0,15.0,278.0,1137.0,5.0,56.0,45.3,41.0,4.1,71.1,17.4,0.0,0
6,Leonard Fournette,24.0,JAX,RB,15.0,15.0,265.0,1152.0,3.0,55.0,41.1,81.0,4.3,76.8,17.7,1.0,0
7,Dalvin Cook,24.0,MIN,RB,14.0,14.0,250.0,1135.0,13.0,60.0,47.6,75.0,4.5,81.1,17.9,4.0,"PB,AP CPoY-5"
8,Marlon Mack,23.0,IND,RB,14.0,12.0,247.0,1091.0,8.0,67.0,51.0,63.0,4.4,77.9,17.6,0.0,0
9,Sony Michel,24.0,NWE,RB,16.0,14.0,247.0,912.0,7.0,55.0,47.0,26.0,3.7,57.0,15.4,2.0,0
10,Le'Veon Bell,27.0,NYJ,RB,15.0,15.0,245.0,789.0,3.0,36.0,40.4,19.0,3.2,52.6,16.3,1.0,0
11,Carlos Hyde,29.0,HOU,RB,16.0,14.0,245.0,1070.0,6.0,55.0,51.4,58.0,4.4,66.9,15.3,4.0,0
12,Josh Jacobs,21.0,OAK,RB,13.0,13.0,242.0,1150.0,7.0,53.0,49.6,51.0,4.8,88.5,18.6,1.0,AP ORoY-2
13,David Montgomery,22.0,CHI,RB,16.0,8.0,242.0,889.0,6.0,50.0,43.4,55.0,3.7,55.6,15.1,2.0,0
14,Aaron Jones,25.0,GNB,RB,16.0,16.0,236.0,1084.0,16.0,55.0,54.2,56.0,4.6,67.8,14.8,3.0,0
15,Phillip Lindsay,25.0,DEN,RB,16.0,16.0,224.0,1011.0,7.0,38.0,48.7,40.0,4.5,63.2,14.0,0.0,0
16,Todd Gurley,25.0,LAR,RB,15.0,15.0,223.0,857.0,12.0,51.0,46.6,25.0,3.8,57.1,14.9,3.0,0
17,Saquon Barkley,22.0,NYG,RB,13.0,13.0,217.0,1003.0,6.0,45.0,43.3,68.0,4.6,77.2,16.7,1.0,0
18,Adrian Peterson,34.0,WAS,RB,15.0,15.0,211.0,898.0,5.0,41.0,46.0,32.0,4.3,59.9,14.1,3.0,0
19,Mark Ingram,30.0,BAL,RB,15.0,15.0,202.0,1018.0,10.0,53.0,58.4,53.0,5.0,67.9,13.5,2.0,PB
20,Devonta Freeman,27.0,ATL,RB,14.0,14.0,184.0,656.0,2.0,31.0,41.8,28.0,3.6,46.9,13.1,3.0,0
21,Miles Sanders,22.0,PHI,RB,16.0,11.0,179.0,818.0,3.0,30.0,44.7,65.0,4.6,51.1,11.2,2.0,AP ORoY-4
22,Lamar Jackson,22.0,BAL,QB,15.0,15.0,176.0,1206.0,7.0,71.0,58.0,47.0,6.9,80.4,11.7,9.0,"PB,AP-1,AP MVP-1,AP OPoY-2"
23,Ronald Jones II,22.0,TAM,RB,16.0,9.0,172.0,724.0,6.0,34.0,43.0,49.0,4.2,45.3,10.8,3.0,0
24,Alvin Kamara,24.0,NOR,RB,14.0,9.0,171.0,797.0,5.0,32.0,50.9,40.0,4.7,56.9,12.2,4.0,PB
25,Kenyan Drake,25.0,2TM,RB,14.0,10.0,170.0,817.0,8.0,48.0,48.8,80.0,4.8,58.4,12.1,2.0,0
26,Kenyan Drake,25.0,MIA,RB,6.0,2.0,47.0,174.0,0.0,6.0,42.6,11.0,3.7,29.0,7.8,2.0,0
27,Kenyan Drake,25.0,ARI,RB,8.0,8.0,123.0,643.0,8.0,42.0,51.2,80.0,5.2,80.4,15.4,0.0,0
28,Frank Gore,36.0,BUF,RB,16.0,8.0,166.0,599.0,2.0,30.0,41.6,41.0,3.6,37.4,10.4,0.0,0
29,Melvin Gordon,26.0,LAC,RB,12.0,11.0,162.0,612.0,8.0,39.0,49.4,24.0,3.8,51.0,13.5,4.0,0
30,Peyton Barber,25.0,TAM,RB,16.0,7.0,154.0,470.0,6.0,23.0,38.3,17.0,3.1,29.4,9.6,1.0,0
31,Devin Singletary,22.0,BUF,RB,12.0,8.0,151.0,775.0,2.0,37.0,49.0,38.0,5.1,64.6,12.6,4.0,0
32,Latavius Murray,29.0,NOR,RB,16.0,8.0,146.0,637.0,5.0,38.0,57.5,30.0,4.4,39.8,9.1,0.0,0
33,Tevin Coleman,26.0,SFO,RB,14.0,11.0,137.0,544.0,6.0,26.0,37.2,48.0,4.0,38.9,9.8,0.0,0
34,Raheem Mostert,27.0,SFO,RB,16.0,0.0,137.0,772.0,8.0,31.0,48.9,41.0,5.6,48.3,8.6,2.0,0
35,Gus Edwards,24.0,BAL,RB,16.0,1.0,133.0,711.0,2.0,46.0,51.9,63.0,5.3,44.4,8.3,2.0,0
36,Austin Ekeler,24.0,LAC,RB,16.0,8.0,132.0,557.0,3.0,32.0,44.7,35.0,4.2,34.8,8.3,3.0,0
37,Royce Freeman,23.0,DEN,RB,16.0,0.0,132.0,496.0,3.0,22.0,40.9,26.0,3.8,31.0,8.3,0.0,0
38,Matt Breida,24.0,SFO,RB,13.0,5.0,123.0,623.0,1.0,23.0,43.9,83.0,5.1,47.9,9.5,2.0,0
39,Jordan Howard,25.0,PHI,RB,10.0,4.0,119.0,525.0,6.0,28.0,47.9,20.0,4.4,52.5,11.9,0.0,0
40,James Conner,24.0,PIT,RB,10.0,10.0,116.0,464.0,4.0,26.0,43.1,25.0,4.0,46.4,11.6,1.0,0
41,Kerryon Johnson,22.0,DET,RB,8.0,7.0,113.0,403.0,3.0,22.0,48.7,20.0,3.6,50.4,14.1,1.0,0
42,Damien Williams,27.0,KAN,RB,11.0,6.0,111.0,498.0,5.0,22.0,46.8,91.0,4.5,45.3,10.1,1.0,0
43,Josh Allen,23.0,BUF,QB,16.0,16.0,109.0,510.0,9.0,42.0,54.1,36.0,4.7,31.9,6.8,14.0,0
44,Benny Snell Jr.,21.0,PIT,RB,13.0,2.0,108.0,426.0,2.0,19.0,45.4,23.0,3.9,32.8,8.3,1.0,0
45,DeAndre Washington,26.0,OAK,RB,16.0,3.0,108.0,387.0,3.0,23.0,50.9,36.0,3.6,24.2,6.8,0.0,0
46,Jamaal Williams,24.0,GNB,RB,14.0,2.0,107.0,460.0,1.0,23.0,49.5,45.0,4.3,32.9,7.6,0.0,0
47,LeSean McCoy,31.0,KAN,RB,13.0,9.0,101.0,465.0,4.0,24.0,46.5,39.0,4.6,35.8,7.8,3.0,0
48,Alexander Mattison,21.0,MIN,RB,13.0,0.0,100.0,462.0,1.0,19.0,37.0,35.0,4.6,35.5,7.7,1.0,0
49,David Johnson,28.0,ARI,RB,13.0,9.0,94.0,345.0,2.0,20.0,43.6,18.0,3.7,26.5,7.2,1.0,0
50,Kyler Murray,22.0,ARI,QB,16.0,16.0,93.0,544.0,4.0,27.0,48.4,35.0,5.8,34.0,5.8,5.0,AP ORoY-1
51,Bo Scarbrough,25.0,DET,RB,6.0,5.0,89.0,377.0,1.0,15.0,56.2,30.0,4.2,62.8,14.8,1.0,0
52,Tony Pollard,22.0,DAL,RB,15.0,0.0,86.0,455.0,2.0,21.0,50.0,44.0,5.3,30.3,5.7,1.0,0
53,Duke Johnson,26.0,HOU,RB,16.0,2.0,83.0,410.0,2.0,17.0,45.8,40.0,4.9,25.6,5.2,1.0,0
54,Deshaun Watson,24.0,HOU,QB,15.0,15.0,82.0,413.0,7.0,29.0,48.8,30.0,5.0,27.5,5.5,10.0,PB
55,Brian Hill,24.0,ATL,RB,12.0,2.0,78.0,323.0,2.0,19.0,39.7,27.0,4.1,26.9,6.5,0.0,0
56,Russell Wilson,31.0,SEA,QB,16.0,16.0,75.0,342.0,3.0,17.0,41.3,21.0,4.6,21.4,4.7,8.0,"PB,AP-2,AP OPoY-4"
57,Kalen Ballage,24.0,MIA,RB,12.0,6.0,74.0,135.0,3.0,10.0,31.1,8.0,1.8,11.3,6.2,0.0,0
58,Malcolm Brown,26.0,LAR,RB,14.0,1.0,69.0,255.0,5.0,16.0,46.4,17.0,3.7,18.2,4.9,0.0,0
59,Gardner Minshew II,23.0,JAX,QB,14.0,12.0,67.0,344.0,0.0,20.0,43.3,21.0,5.1,24.6,4.8,12.0,0
60,James White,27.0,NWE,RB,15.0,1.0,67.0,263.0,1.0,15.0,41.8,32.0,3.9,17.5,4.5,1.0,0
61,Jaylen Samuels,23.0,PIT,RB,14.0,4.0,66.0,175.0,1.0,9.0,37.9,13.0,2.7,12.5,4.7,1.0,0
62,Rex Burkhead,29.0,NWE,RB,13.0,1.0,65.0,302.0,3.0,18.0,50.8,33.0,4.6,23.2,5.0,1.0,0
63,Rashaad Penny,23.0,SEA,RB,10.0,0.0,65.0,370.0,3.0,16.0,52.3,58.0,5.7,37.0,6.5,1.0,0
64,Tarik Cohen,24.0,CHI,RB,16.0,11.0,64.0,213.0,0.0,15.0,42.2,19.0,3.3,13.3,4.0,3.0,0
65,Ty Johnson,22.0,DET,RB,16.0,1.0,63.0,273.0,0.0,11.0,44.4,40.0,4.3,17.1,3.9,1.0,0
66,Patrick Laird,24.0,MIA,RB,15.0,4.0,62.0,168.0,1.0,9.0,30.6,18.0,2.7,11.2,4.1,0.0,0
67,Carson Wentz,27.0,PHI,QB,16.0,16.0,62.0,243.0,1.0,21.0,62.9,19.0,3.9,15.2,3.9,16.0,AP CPoY-5
68,Boston Scott,24.0,PHI,RB,11.0,2.0,61.0,245.0,5.0,17.0,52.5,25.0,4.0,22.3,5.5,4.0,0
69,Chase Edmonds,23.0,ARI,RB,13.0,2.0,60.0,303.0,4.0,12.0,38.3,37.0,5.1,23.3,4.6,0.0,0
70,Bilal Powell,31.0,NYJ,RB,13.0,1.0,59.0,229.0,0.0,12.0,39.0,17.0,3.9,17.6,4.5,0.0,0
71,Jameis Winston,25.0,TAM,QB,16.0,16.0,59.0,250.0,1.0,18.0,37.3,26.0,4.2,15.6,3.7,12.0,0
72,Justice Hill,22.0,BAL,RB,16.0,0.0,58.0,225.0,2.0,10.0,36.2,18.0,3.9,14.1,3.6,0.0,0
73,Jacoby Brissett,27.0,IND,QB,15.0,15.0,56.0,228.0,4.0,20.0,55.4,24.0,4.1,15.2,3.7,7.0,0
74,Ryan Fitzpatrick,37.0,MIA,QB,15.0,13.0,54.0,243.0,4.0,16.0,51.9,20.0,4.5,16.2,3.6,9.0,0
75,Dion Lewis,29.0,TEN,RB,16.0,1.0,54.0,209.0,0.0,6.0,46.3,17.0,3.9,13.1,3.4,1.0,0
76,Giovani Bernard,28.0,CIN,RB,16.0,2.0,53.0,170.0,0.0,10.0,32.1,25.0,3.2,10.6,3.3,2.0,0
77,Mark Walton,22.0,MIA,RB,7.0,4.0,53.0,201.0,0.0,11.0,43.4,19.0,3.8,28.7,7.6,1.0,0
78,Nyheim Hines,23.0,IND,RB,16.0,2.0,52.0,199.0,2.0,16.0,51.9,18.0,3.8,12.4,3.3,1.0,0
79,Dak Prescott,26.0,DAL,QB,16.0,16.0,52.0,277.0,3.0,19.0,46.2,42.0,5.3,17.3,3.3,6.0,0
80,Jordan Wilkins,25.0,IND,RB,14.0,1.0,51.0,307.0,2.0,12.0,56.9,55.0,6.0,21.9,3.6,0.0,0
81,Mike Boone,24.0,MIN,RB,16.0,2.0,49.0,273.0,3.0,9.0,46.9,59.0,5.6,17.1,3.1,0.0,0
82,Jonathan Williams,25.0,IND,RB,9.0,1.0,49.0,235.0,1.0,13.0,51.0,48.0,4.8,26.1,5.4,0.0,0
83,Mitchell Trubisky,25.0,CHI,QB,15.0,15.0,48.0,193.0,2.0,12.0,43.8,23.0,4.0,12.9,3.2,5.0,0
84,Jimmy Garoppolo,28.0,SFO,QB,16.0,16.0,46.0,62.0,1.0,13.0,32.6,11.0,1.3,3.9,2.9,10.0,AP CPoY-2
85,Aaron Rodgers,36.0,GNB,QB,16.0,16.0,46.0,183.0,1.0,9.0,34.8,17.0,4.0,11.4,2.9,4.0,PB
86,Daniel Jones,22.0,NYG,QB,13.0,12.0,45.0,279.0,2.0,21.0,66.7,26.0,6.2,21.5,3.5,19.0,0
87,Kareem Hunt,24.0,CLE,RB,8.0,3.0,43.0,179.0,2.0,8.0,53.5,16.0,4.2,22.4,5.4,1.0,0
88,Patrick Mahomes,24.0,KAN,QB,14.0,14.0,43.0,218.0,2.0,15.0,41.9,25.0,5.1,15.6,3.1,3.0,"PB,AP OPoY-4"
89,Ryan Tannehill,31.0,TEN,QB,12.0,10.0,43.0,185.0,4.0,14.0,46.5,25.0,4.3,15.4,3.6,5.0,"PB,AP CPoY-1"
90,Derrius Guice,22.0,WAS,RB,5.0,1.0,42.0,245.0,2.0,9.0,50.0,60.0,5.8,49.0,8.4,0.0,0
91,Darrel Williams,24.0,KAN,RB,12.0,0.0,41.0,141.0,3.0,12.0,48.8,41.0,3.4,11.8,3.4,1.0,0
92,Darrell Henderson,22.0,LAR,RB,13.0,0.0,39.0,147.0,0.0,10.0,41.0,22.0,3.8,11.3,3.0,0.0,0
93,Jalen Richard,26.0,OAK,RB,16.0,0.0,39.0,145.0,0.0,10.0,48.7,13.0,3.7,9.1,2.4,2.0,0
94,J.D. McKissic,26.0,DET,RB,16.0,3.0,38.0,205.0,0.0,8.0,47.4,44.0,5.4,12.8,2.4,0.0,0
95,Chris Thompson,29.0,WAS,RB,11.0,0.0,37.0,138.0,0.0,7.0,37.8,16.0,3.7,12.5,3.4,1.0,0
96,Darwin Thompson,22.0,KAN,RB,12.0,0.0,37.0,128.0,1.0,9.0,54.1,12.0,3.5,10.7,3.1,0.0,0
97,Myles Gaskin,22.0,MIA,RB,7.0,0.0,36.0,133.0,1.0,7.0,38.9,27.0,3.7,19.0,5.1,0.0,0
98,Ryquell Armstead,23.0,JAX,RB,16.0,1.0,35.0,108.0,0.0,5.0,28.6,16.0,3.1,6.8,2.2,0.0,0
99,Matt Ryan,34.0,ATL,QB,15.0,15.0,34.0,147.0,1.0,10.0,50.0,12.0,4.3,9.8,2.3,9.0,0
100,Sam Darnold,22.0,NYJ,QB,13.0,13.0,33.0,62.0,2.0,6.0,27.3,24.0,1.9,4.8,2.5,11.0,0
101,Jared Goff,25.0,LAR,QB,16.0,16.0,33.0,40.0,2.0,5.0,30.3,8.0,1.2,2.5,2.1,10.0,0
102,Kyle Allen,23.0,CAR,QB,13.0,12.0,32.0,106.0,2.0,9.0,31.3,17.0,3.3,8.2,2.5,13.0,0
103,Andy Dalton,32.0,CIN,QB,13.0,13.0,32.0,73.0,4.0,12.0,43.8,17.0,2.3,5.6,2.5,8.0,0
104,Ty Montgomery,26.0,NYJ,WR,16.0,2.0,32.0,103.0,0.0,2.0,34.4,15.0,3.2,6.4,2.0,0.0,0
105,Kirk Cousins,31.0,MIN,QB,15.0,15.0,31.0,63.0,1.0,8.0,41.9,14.0,2.0,4.2,2.1,10.0,PB
106,Jon Hilliman,24.0,NYG,RB,3.0,1.0,30.0,91.0,0.0,6.0,40.0,10.0,3.0,30.3,10.0,2.0,0
107,Wayne Gallman,25.0,NYG,RB,10.0,2.0,29.0,110.0,2.0,6.0,41.4,22.0,3.8,11.0,2.9,0.0,0
108,Justin Jackson,23.0,LAC,RB,7.0,0.0,29.0,200.0,0.0,9.0,62.1,40.0,6.9,28.6,4.1,0.0,0
109,Teddy Bridgewater,27.0,NOR,QB,9.0,5.0,28.0,31.0,0.0,4.0,21.4,11.0,1.1,3.4,3.1,1.0,AP CPoY-5
110,Baker Mayfield,24.0,CLE,QB,16.0,16.0,28.0,141.0,3.0,15.0,57.1,18.0,5.0,8.8,1.8,6.0,0
111,Derek Carr,28.0,OAK,QB,16.0,16.0,27.0,82.0,2.0,7.0,33.3,15.0,3.0,5.1,1.7,7.0,0
113,Jeff Wilson,24.0,SFO,RB,10.0,0.0,27.0,105.0,4.0,9.0,48.1,25.0,3.9,10.5,2.7,0.0,0
114,Tom Brady,42.0,NWE,QB,16.0,16.0,26.0,34.0,3.0,8.0,34.6,17.0,1.3,2.1,1.6,4.0,0
115,Marcus Mariota,26.0,TEN,QB,7.0,6.0,24.0,129.0,0.0,5.0,50.0,15.0,5.4,18.4,3.4,3.0,0
116,Kerrith Whyte Jr,23.0,PIT,RB,6.0,0.0,24.0,122.0,0.0,5.0,41.7,21.0,5.1,20.3,4.0,0.0,0
117,Ameer Abdullah,26.0,MIN,RB,16.0,0.0,23.0,115.0,0.0,4.0,26.1,15.0,5.0,7.2,1.4,1.0,0
118,C.J. Prosise,25.0,SEA,RB,9.0,0.0,23.0,72.0,1.0,4.0,39.1,17.0,3.1,8.0,2.6,1.0,0
119,Jeff Driskel,26.0,DET,QB,3.0,3.0,22.0,151.0,1.0,10.0,72.7,23.0,6.9,50.3,7.3,1.0,0
120,Trey Edmunds,25.0,PIT,RB,11.0,0.0,22.0,92.0,0.0,2.0,31.8,45.0,4.2,8.4,2.0,0.0,0
121,Qadree Ollison,23.0,ATL,RB,8.0,0.0,22.0,50.0,4.0,6.0,45.5,6.0,2.3,6.3,2.8,1.0,0
122,Wendell Smallwood,25.0,WAS,RB,15.0,0.0,22.0,81.0,0.0,4.0,22.7,17.0,3.7,5.4,1.5,0.0,0
123,Ito Smith,24.0,ATL,RB,7.0,0.0,22.0,106.0,1.0,10.0,54.5,28.0,4.8,15.1,3.1,0.0,0
124,Devlin Hodges,23.0,PIT,QB,8.0,6.0,21.0,68.0,0.0,5.0,28.6,22.0,3.2,8.5,2.6,5.0,0
125,Mason Rudolph,24.0,PIT,QB,10.0,8.0,21.0,42.0,0.0,6.0,33.3,13.0,2.0,4.2,2.1,4.0,0
126,Robert Griffin III,29.0,BAL,QB,7.0,1.0,20.0,70.0,0.0,5.0,40.0,16.0,3.5,10.0,2.9,0.0,0
127,Dwayne Haskins,22.0,WAS,QB,9.0,7.0,20.0,101.0,0.0,7.0,40.0,23.0,5.1,11.2,2.2,6.0,0
128,Matthew Stafford,31.0,DET,QB,8.0,8.0,20.0,66.0,0.0,5.0,40.0,12.0,3.3,8.3,2.5,5.0,0
129,Curtis Samuel,23.0,CAR,WR,16.0,15.0,19.0,130.0,1.0,7.0,73.7,16.0,6.8,8.1,1.2,0.0,0
130,Travis Homer,21.0,SEA,RB,16.0,1.0,18.0,114.0,0.0,6.0,50.0,29.0,6.3,7.1,1.1,0.0,0
131,Drew Lock,23.0,DEN,QB,5.0,5.0,18.0,72.0,0.0,5.0,44.4,12.0,4.0,14.4,3.6,3.0,0
132,Tra Carson,27.0,2TM,RB,3.0,1.0,18.0,48.0,0.0,3.0,27.8,12.0,2.7,16.0,6.0,0.0,0
133,Tra Carson,27.0,GNB,RB,2.0,0.0,6.0,14.0,0.0,1.0,33.3,7.0,2.3,7.0,3.0,0.0,0
134,Tra Carson,27.0,DET,RB,1.0,1.0,12.0,34.0,0.0,2.0,25.0,12.0,2.8,34.0,12.0,0.0,0
135,Cordarrelle Patterson,28.0,CHI,WR,16.0,4.0,17.0,103.0,0.0,4.0,52.9,46.0,6.1,6.4,1.1,0.0,"PB,AP-1"
136,Darren Sproles,36.0,PHI,RB,6.0,1.0,17.0,66.0,0.0,3.0,41.2,17.0,3.9,11.0,2.8,1.0,0
137,Spencer Ware,28.0,KAN,RB,3.0,1.0,17.0,51.0,0.0,3.0,64.7,6.0,3.0,17.0,5.7,1.0,0
138,Robert Woods,27.0,LAR,WR,15.0,15.0,17.0,115.0,1.0,5.0,64.7,20.0,6.8,7.7,1.1,0.0,0
139,T.J. Yeldon,26.0,BUF,RB,6.0,0.0,17.0,63.0,0.0,5.0,52.9,12.0,3.7,10.5,2.8,1.0,0
140,C.J. Anderson,28.0,DET,RB,2.0,0.0,16.0,43.0,0.0,1.0,31.3,9.0,2.7,21.5,8.0,0.0,0
141,Reggie Bonnafon,23.0,CAR,RB,16.0,0.0,16.0,116.0,1.0,2.0,43.8,59.0,7.3,7.3,1.0,0.0,0
142,Brandon Bolden,29.0,NWE,RB,15.0,2.0,15.0,68.0,3.0,5.0,53.3,21.0,4.5,4.5,1.0,0.0,0
143,Elijhaa Penny,26.0,NYG,RB,16.0,1.0,15.0,39.0,0.0,2.0,40.0,6.0,2.6,2.4,0.9,0.0,0
144,Deebo Samuel,23.0,SFO,WR,15.0,11.0,14.0,159.0,3.0,5.0,64.3,31.0,11.4,10.6,0.9,2.0,0
145,Dontrell Hilliard,24.0,CLE,RB,14.0,0.0,13.0,49.0,2.0,3.0,46.2,11.0,3.8,3.5,0.9,2.0,0
146,Mike Davis,26.0,2TM,RB,12.0,1.0,13.0,27.0,0.0,0.0,15.4,8.0,2.1,2.3,1.1,0.0,0
147,Mike Davis,26.0,CHI,RB,7.0,1.0,11.0,25.0,0.0,0.0,18.2,8.0,2.3,3.6,1.6,0.0,0
148,Mike Davis,26.0,CAR,RB,5.0,0.0,2.0,2.0,0.0,0.0,0.0,2.0,1.0,0.4,0.4,0.0,0
149,Joe Flacco,34.0,DEN,QB,8.0,8.0,12.0,20.0,0.0,4.0,41.7,9.0,1.7,2.5,1.5,8.0,0
150,Marshawn Lynch,33.0,SEA,RB,1.0,0.0,12.0,34.0,1.0,2.0,33.3,15.0,2.8,34.0,12.0,0.0,0
151,Paul Perkins,25.0,DET,RB,4.0,0.0,12.0,29.0,0.0,3.0,25.0,13.0,2.4,7.3,3.0,0.0,0
152,Philip Rivers,38.0,LAC,QB,16.0,16.0,12.0,29.0,0.0,2.0,25.0,12.0,2.4,1.8,0.8,8.0,0
153,Dalyn Dawkins,25.0,TEN,RB,2.0,0.0,11.0,26.0,0.0,2.0,36.4,14.0,2.4,13.0,5.5,0.0,0
154,Dare Ogunbowale,25.0,TAM,RB,16.0,0.0,11.0,17.0,2.0,3.0,36.4,12.0,1.5,1.1,0.7,2.0,0
155,Jay Ajayi,26.0,PHI,RB,3.0,0.0,10.0,30.0,0.0,3.0,40.0,11.0,3.0,10.0,3.3,0.0,0
156,Brandon Allen,27.0,DEN,QB,3.0,3.0,10.0,39.0,0.0,4.0,60.0,11.0,3.9,13.0,3.3,0.0,0
157,Javorius Allen,28.0,NYG,RB,10.0,0.0,10.0,36.0,1.0,3.0,60.0,19.0,3.6,3.6,1.0,0.0,0
158,Ryan Finley,25.0,CIN,QB,3.0,3.0,10.0,77.0,0.0,4.0,70.0,24.0,7.7,25.7,3.3,4.0,0
159,Wes Hills,24.0,DET,RB,1.0,1.0,10.0,21.0,2.0,3.0,50.0,15.0,2.1,21.0,10.0,0.0,0
160,Alec Ingold,23.0,OAK,FB,16.0,4.0,10.0,17.0,0.0,7.0,70.0,4.0,1.7,1.1,0.6,0.0,0
161,Christian Kirk,23.0,ARI,WR,13.0,13.0,10.0,93.0,0.0,4.0,80.0,28.0,9.3,7.2,0.8,0.0,0
162,Troymaine Pope,26.0,LAC,RB,14.0,0.0,10.0,20.0,0.0,0.0,30.0,8.0,2.0,1.4,0.7,1.0,0
163,Tyrod Taylor,30.0,LAC,QB,8.0,0.0,10.0,7.0,0.0,1.0,10.0,9.0,0.7,0.9,1.3,0.0,0
164,Drew Brees,40.0,NOR,QB,11.0,11.0,9.0,-4.0,1.0,2.0,22.2,2.0,-0.4,-0.4,0.8,0.0,PB
165,Taiwan Jones,31.0,HOU,RB,11.0,0.0,9.0,40.0,0.0,3.0,66.7,11.0,4.4,3.6,0.8,0.0,0
166,Case Keenum,31.0,WAS,QB,10.0,8.0,9.0,12.0,1.0,2.0,33.3,9.0,1.3,1.2,0.9,6.0,0
167,Devine Ozigbo,23.0,JAX,RB,10.0,0.0,9.0,27.0,0.0,1.0,44.4,9.0,3.0,2.7,0.9,0.0,0
168,Steven Sims,22.0,WAS,WR,16.0,2.0,9.0,85.0,1.0,2.0,33.3,65.0,9.4,5.3,0.6,1.0,0
169,Josh Adams,23.0,NYJ,RB,3.0,0.0,8.0,12.0,0.0,1.0,12.5,10.0,1.5,4.0,2.7,0.0,0
170,David Blough,24.0,DET,QB,5.0,5.0,8.0,31.0,0.0,1.0,37.5,9.0,3.9,6.2,1.6,1.0,0
171,Tony Brooks-James,25.0,PIT,RB,3.0,0.0,8.0,7.0,0.0,0.0,12.5,8.0,0.9,2.3,2.7,0.0,0
172,Julian Edelman,33.0,NWE,WR,16.0,13.0,8.0,27.0,0.0,2.0,62.5,9.0,3.4,1.7,0.5,3.0,0
173,Tyreek Hill,25.0,KAN,WR,12.0,12.0,8.0,23.0,0.0,1.0,50.0,5.0,2.9,1.9,0.7,0.0,PB
174,Brian Hoyer,34.0,IND,QB,4.0,1.0,8.0,2.0,0.0,0.0,0.0,6.0,0.3,0.5,2.0,2.0,0
175,Isaiah McKenzie,24.0,BUF,WR,15.0,8.0,8.0,49.0,0.0,4.0,75.0,16.0,6.1,3.3,0.5,0.0,0
176,Dwayne Washington,25.0,NOR,RB,16.0,0.0,8.0,60.0,0.0,2.0,50.0,31.0,7.5,3.8,0.5,0.0,0
177,Will Grier,24.0,CAR,QB,2.0,2.0,7.0,22.0,0.0,2.0,28.6,11.0,3.1,11.0,3.5,1.0,0
178,C.J. Ham,26.0,MIN,FB,16.0,7.0,7.0,17.0,0.0,2.0,42.9,9.0,2.4,1.1,0.4,1.0,PB
179,Brett Hundley,26.0,ARI,QB,3.0,0.0,7.0,41.0,0.0,3.0,71.4,14.0,5.9,13.7,2.3,0.0,0
180,Zach Line,29.0,NOR,RB,12.0,2.0,7.0,20.0,0.0,5.0,71.4,5.0,2.9,1.7,0.6,0.0,0
181,Derek Watt,27.0,LAC,FB,16.0,2.0,7.0,10.0,1.0,6.0,85.7,3.0,1.4,0.6,0.4,0.0,0
182,Alex Armah,25.0,CAR,FB,16.0,1.0,6.0,11.0,1.0,1.0,16.7,4.0,1.8,0.7,0.4,0.0,0
183,Tavon Austin,29.0,DAL,WR,14.0,0.0,6.0,47.0,1.0,2.0,66.7,20.0,7.8,3.4,0.4,1.0,0
184,Brandin Cooks,26.0,LAR,WR,14.0,14.0,6.0,52.0,0.0,3.0,66.7,27.0,8.7,3.7,0.4,0.0,0
185,Chase Daniel,33.0,CHI,QB,3.0,1.0,6.0,6.0,0.0,2.0,33.3,4.0,1.0,2.0,2.0,0.0,0
186,Sean Mannion,27.0,MIN,QB,3.0,1.0,6.0,-5.0,0.0,0.0,0.0,0.0,-0.8,-1.7,2.0,1.0,0
187,D.J. Moore,22.0,CAR,WR,15.0,15.0,6.0,40.0,0.0,3.0,66.7,13.0,6.7,2.7,0.4,2.0,0
188,Sterling Shepard,26.0,NYG,WR,10.0,10.0,6.0,72.0,0.0,3.0,66.7,23.0,12.0,7.2,0.6,0.0,0
189,Tim Boyle,25.0,GNB,QB,3.0,0.0,5.0,-7.0,0.0,0.0,0.0,0.0,-1.4,-2.3,1.7,0.0,0
190,Stefon Diggs,26.0,MIN,WR,15.0,15.0,5.0,61.0,0.0,3.0,100.0,27.0,12.2,4.1,0.3,4.0,0
191,Alex Erickson,27.0,CIN,WR,16.0,6.0,5.0,33.0,0.0,2.0,80.0,17.0,6.6,2.1,0.3,4.0,0
192,N'Keal Harry,22.0,NWE,WR,7.0,5.0,5.0,49.0,0.0,4.0,80.0,18.0,9.8,7.0,0.7,0.0,0
193,Buddy Howell,23.0,HOU,RB,16.0,0.0,5.0,10.0,0.0,1.0,40.0,4.0,2.0,0.6,0.3,0.0,0
194,George Kittle,26.0,SFO,TE,14.0,14.0,5.0,22.0,0.0,1.0,40.0,18.0,4.4,1.6,0.4,1.0,"PB,AP-1"
195,A.J. McCarron,29.0,HOU,QB,2.0,1.0,5.0,39.0,1.0,3.0,60.0,18.0,7.8,19.5,2.5,0.0,0
196,Matt Moore,35.0,KAN,QB,6.0,2.0,5.0,-1.0,0.0,0.0,0.0,3.0,-0.2,-0.2,0.8,2.0,0
197,Cam Newton,30.0,CAR,QB,2.0,2.0,5.0,-2.0,0.0,0.0,0.0,3.0,-0.4,-1.0,2.5,2.0,0
198,Samaje Perine,24.0,MIA,RB,1.0,0.0,5.0,16.0,0.0,1.0,40.0,9.0,3.2,16.0,5.0,0.0,0
199,Josh Reynolds,24.0,LAR,WR,16.0,2.0,5.0,23.0,0.0,2.0,60.0,12.0,4.6,1.4,0.3,0.0,0
200,Keith Smith,27.0,ATL,FB,16.0,5.0,5.0,8.0,0.0,4.0,80.0,3.0,1.6,0.5,0.3,0.0,0
201,Dede Westbrook,26.0,JAX,WR,15.0,11.0,5.0,27.0,0.0,0.0,60.0,8.0,5.4,1.8,0.3,1.0,0
202,Dexter Williams,22.0,GNB,RB,4.0,0.0,5.0,11.0,0.0,0.0,20.0,5.0,2.2,2.8,1.3,0.0,0
203,Albert Wilson,27.0,MIA,WR,13.0,4.0,5.0,45.0,0.0,1.0,40.0,28.0,9.0,3.5,0.4,0.0,0
204,Kenjon Barner,30.0,ATL,RB,14.0,0.0,4.0,28.0,0.0,1.0,75.0,12.0,7.0,2.0,0.3,4.0,0
205,Tyler Boyd,25.0,CIN,WR,16.0,15.0,4.0,23.0,0.0,1.0,50.0,10.0,5.8,1.4,0.3,2.0,0
206,Parris Campbell,22.0,IND,WR,7.0,3.0,4.0,34.0,0.0,1.0,75.0,22.0,8.5,4.9,0.6,3.0,0
207,Trevor Davis,26.0,2TM,WR,11.0,4.0,4.0,73.0,1.0,2.0,50.0,60.0,18.3,6.6,0.4,2.0,0
208,Trevor Davis,26.0,GNB,WR,2.0,0.0,0.0,0.0,0.0,0.0,0.0,0.0,0.0,0.0,0.0,0.0,0
209,Trevor Davis,26.0,OAK,WR,9.0,4.0,4.0,73.0,1.0,2.0,50.0,60.0,18.3,8.1,0.4,2.0,0
210,Nick Foles,30.0,JAX,QB,4.0,4.0,4.0,23.0,0.0,2.0,50.0,13.0,5.8,5.8,1.0,2.0,0
211,Russell Gage,23.0,ATL,WR,16.0,4.0,4.0,12.0,0.0,0.0,50.0,6.0,3.0,0.8,0.3,1.0,0
212,Jakeem Grant,27.0,MIA,WR,10.0,2.0,4.0,5.0,1.0,1.0,50.0,7.0,1.3,0.5,0.4,2.0,0
213,Ryan Griffin,30.0,TAM,QB,2.0,0.0,4.0,-1.0,0.0,0.0,0.0,0.0,-0.3,-0.5,2.0,0.0,0
214,Mecole Hardman,21.0,KAN,WR,16.0,5.0,4.0,17.0,0.0,1.0,75.0,9.0,4.3,1.1,0.3,2.0,"PB,AP-2"
215,Damien Harris,22.0,NWE,RB,2.0,0.0,4.0,12.0,0.0,0.0,0.0,13.0,3.0,6.0,2.0,0.0,0
216,Deonte Harty,22.0,NOR,WR,14.0,1.0,4.0,31.0,0.0,2.0,100.0,10.0,7.8,2.2,0.3,3.0,"PB,AP-1"
217,Andy Isabella,23.0,ARI,WR,15.0,1.0,4.0,15.0,0.0,0.0,75.0,6.0,3.8,1.0,0.3,0.0,0
218,D'Ernest Johnson,23.0,CLE,RB,16.0,0.0,4.0,21.0,0.0,0.0,0.0,13.0,5.3,1.3,0.3,0.0,0
219,Diontae Johnson,23.0,PIT,WR,16.0,12.0,4.0,41.0,0.0,2.0,75.0,17.0,10.3,2.6,0.3,5.0,AP-2
220,Tyler Lockett,27.0,SEA,WR,16.0,16.0,4.0,-5.0,0.0,0.0,0.0,3.0,-1.3,-0.3,0.3,1.0,0
221,Eli Manning,38.0,NYG,QB,4.0,4.0,4.0,7.0,0.0,1.0,50.0,6.0,1.8,1.8,1.0,3.0,0
222,Jordan Scarlett,23.0,CAR,RB,9.0,0.0,4.0,9.0,0.0,0.0,50.0,6.0,2.3,1.0,0.4,0.0,0
223,Anthony Sherman,31.0,KAN,RB,16.0,0.0,4.0,9.0,0.0,3.0,75.0,5.0,2.3,0.6,0.3,0.0,0
224,Jonnu Smith,24.0,TEN,TE,16.0,14.0,4.0,78.0,0.0,2.0,100.0,57.0,19.5,4.9,0.3,0.0,0
225,Adam Thielen,29.0,MIN,WR,10.0,10.0,4.0,6.0,1.0,1.0,25.0,3.0,1.5,0.6,0.4,0.0,0
226,De'Lance Turner,24.0,MIA,RB,8.0,0.0,4.0,6.0,0.0,0.0,25.0,5.0,1.5,0.8,0.5,0.0,0
227,Keenan Allen,27.0,LAC,WR,16.0,16.0,3.0,16.0,0.0,1.0,33.3,18.0,5.3,1.0,0.2,0.0,PB
228,Odell Beckham Jr.,27.0,CLE,WR,16.0,15.0,3.0,10.0,0.0,1.0,66.7,11.0,3.3,0.6,0.2,1.0,0
229,A.J. Brown,22.0,TEN,WR,16.0,11.0,3.0,60.0,1.0,2.0,66.7,49.0,20.0,3.8,0.2,1.0,AP ORoY-3
230,Randall Cobb,29.0,DAL,WR,15.0,6.0,3.0,11.0,0.0,0.0,66.7,7.0,3.7,0.7,0.2,2.0,0
231,Patrick DiMarco,30.0,BUF,FB,16.0,4.0,3.0,7.0,0.0,0.0,33.3,4.0,2.3,0.4,0.2,0.0,0
232,Phillip Dorsett,26.0,NWE,WR,14.0,4.0,3.0,21.0,0.0,1.0,66.7,9.0,7.0,1.5,0.2,0.0,0
233,Evan Engram,25.0,NYG,TE,8.0,6.0,3.0,7.0,0.0,0.0,66.7,5.0,2.3,0.9,0.4,0.0,0
234,Noah Fant,22.0,DEN,TE,16.0,11.0,3.0,-12.0,0.0,0.0,0.0,-2.0,-4.0,-0.8,0.2,1.0,0
235,Josh Ferguson,26.0,WAS,RB,2.0,0.0,3.0,9.0,0.0,1.0,66.7,7.0,3.0,4.5,1.5,0.0,0
236,Taylor Gabriel,28.0,CHI,WR,9.0,7.0,3.0,20.0,0.0,1.0,66.7,14.0,6.7,2.2,0.3,0.0,0
237,Garrett Gilbert,28.0,CLE,QB,5.0,0.0,3.0,-3.0,0.0,0.0,0.0,-1.0,-1.0,-0.6,0.6,0.0,0
238,Ted Ginn Jr.,34.0,NOR,WR,16.0,9.0,3.0,18.0,0.0,2.0,66.7,12.0,6.0,1.1,0.2,0.0,0
239,Kyle Juszczyk,28.0,SFO,FB,12.0,12.0,3.0,7.0,0.0,1.0,33.3,6.0,2.3,0.6,0.3,0.0,PB
240,John Kelly,23.0,LAR,RB,4.0,0.0,3.0,9.0,0.0,0.0,33.3,6.0,3.0,2.3,0.8,0.0,0
241,T.J. Logan,25.0,TAM,FB,12.0,0.0,3.0,10.0,0.0,0.0,33.3,6.0,3.3,0.8,0.3,0.0,0
242,David Moore,24.0,SEA,WR,14.0,1.0,3.0,25.0,0.0,1.0,66.7,19.0,8.3,1.8,0.2,2.0,0
243,Nick Mullens,24.0,SFO,QB,1.0,0.0,3.0,-3.0,0.0,0.0,0.0,-1.0,-1.0,-3.0,3.0,0.0,0
244,Senorise Perry,28.0,BUF,RB,11.0,0.0,3.0,3.0,0.0,0.0,0.0,6.0,1.0,0.3,0.3,0.0,0
245,Josh Rosen,22.0,MIA,QB,6.0,3.0,3.0,13.0,0.0,0.0,66.7,6.0,4.3,2.2,0.5,1.0,0
246,John Ross,24.0,CIN,WR,8.0,8.0,3.0,4.0,0.0,0.0,33.3,5.0,1.3,0.5,0.4,1.0,0
247,Matt Schaub,38.0,ATL,QB,6.0,1.0,3.0,-3.0,0.0,0.0,0.0,-1.0,-1.0,-0.5,0.5,1.0,0
248,Vyncint Smith,23.0,NYJ,WR,13.0,4.0,3.0,52.0,1.0,3.0,100.0,20.0,17.3,4.0,0.2,1.0,0
249,Diontae Spencer,27.0,DEN,WR,16.0,2.0,3.0,6.0,0.0,0.0,66.7,9.0,2.0,0.4,0.2,3.0,0
250,Courtland Sutton,24.0,DEN,WR,16.0,14.0,3.0,17.0,0.0,1.0,100.0,9.0,5.7,1.1,0.2,2.0,PB
251,Mohamed Sanu,30.0,2TM,WR,15.0,12.0,3.0,11.0,0.0,1.0,66.7,8.0,3.7,0.7,0.2,0.0,0
252,Mohamed Sanu,30.0,ATL,WR,7.0,6.0,2.0,3.0,0.0,1.0,50.0,2.0,1.5,0.4,0.3,0.0,0
253,Mohamed Sanu,30.0,NWE,WR,8.0,6.0,1.0,8.0,0.0,0.0,100.0,8.0,8.0,1.0,0.1,0.0,0
254,Zach Zenner,28.0,2TM,RB,4.0,0.0,3.0,-2.0,0.0,0.0,0.0,1.0,-0.7,-0.5,0.8,0.0,0
255,Zach Zenner,28.0,NOR,RB,1.0,0.0,1.0,1.0,0.0,0.0,0.0,1.0,1.0,1.0,1.0,0.0,0
256,Zach Zenner,28.0,ARI,RB,3.0,0.0,2.0,-3.0,0.0,0.0,0.0,0.0,-1.5,-1.0,0.7,0.0,0
257,Nelson Agholor,26.0,PHI,WR,11.0,10.0,2.0,7.0,0.0,1.0,50.0,16.0,3.5,0.6,0.2,2.0,0
258,Matt Barkley,29.0,BUF,QB,2.0,0.0,2.0,-4.0,0.0,0.0,0.0,0.0,-2.0,-2.0,1.0,3.0,0
260,Devontae Booker,27.0,DEN,RB,16.0,0.0,2.0,9.0,0.0,0.0,0.0,5.0,4.5,0.6,0.1,0.0,0
261,Blake Bortles,27.0,LAR,QB,3.0,0.0,2.0,-9.0,0.0,0.0,0.0,1.0,-4.5,-3.0,0.7,0.0,0
262,John Brown,29.0,BUF,WR,15.0,15.0,2.0,7.0,0.0,0.0,0.0,4.0,3.5,0.5,0.1,0.0,0
263,DJ Chark,23.0,JAX,WR,15.0,14.0,2.0,20.0,0.0,1.0,50.0,20.0,10.0,1.3,0.1,0.0,PB
264,Keke Coutee,22.0,HOU,WR,9.0,4.0,2.0,14.0,1.0,2.0,100.0,10.0,7.0,1.6,0.2,1.0,0
265,James Develin,31.0,NWE,RB,2.0,2.0,2.0,3.0,0.0,1.0,100.0,2.0,1.5,1.5,1.0,0.0,0
266,Robert Foster,25.0,BUF,WR,13.0,2.0,2.0,29.0,0.0,1.0,100.0,22.0,14.5,2.2,0.2,0.0,0
267,Mike Glennon,30.0,OAK,QB,2.0,0.0,2.0,0.0,0.0,0.0,0.0,0.0,0.0,0.0,1.0,3.0,0
268,DeAndre Hopkins,27.0,HOU,WR,15.0,15.0,2.0,18.0,0.0,2.0,100.0,12.0,9.0,1.2,0.1,0.0,"PB,AP-1"
269,Richie James,24.0,SFO,WR,16.0,1.0,2.0,-1.0,0.0,0.0,0.0,0.0,-0.5,-0.1,0.1,1.0,0
270,Julio Jones,30.0,ATL,WR,15.0,15.0,2.0,-3.0,0.0,0.0,0.0,1.0,-1.5,-0.2,0.1,1.0,"PB,AP-2"
271,Marvin Jones,29.0,DET,WR,13.0,11.0,2.0,0.0,0.0,0.0,0.0,0.0,0.0,0.0,0.2,0.0,0
272,Cooper Kupp,26.0,LAR,WR,16.0,14.0,2.0,4.0,0.0,0.0,50.0,6.0,2.0,0.3,0.1,3.0,AP CPoY-5
274,Josh McCown,40.0,PHI,QB,3.0,0.0,2.0,-2.0,0.0,0.0,0.0,-1.0,-1.0,-0.7,0.7,0.0,0
275,Colt McCoy,33.0,WAS,QB,1.0,1.0,2.0,14.0,0.0,1.0,100.0,9.0,7.0,14.0,2.0,2.0,0
276,D.K. Metcalf,22.0,SEA,WR,16.0,15.0,2.0,11.0,0.0,0.0,100.0,7.0,5.5,0.7,0.1,3.0,0
277,Scott Miller,22.0,TAM,WR,10.0,2.0,2.0,16.0,0.0,1.0,50.0,18.0,8.0,1.6,0.2,0.0,0
278,Ryan Nall,24.0,CHI,RB,8.0,0.0,2.0,8.0,0.0,1.0,50.0,7.0,4.0,1.0,0.3,0.0,0
279,Zach Pascal,25.0,IND,WR,16.0,13.0,2.0,16.0,0.0,1.0,50.0,12.0,8.0,1.0,0.1,0.0,0
280,Breshad Perriman,26.0,TAM,WR,14.0,4.0,2.0,16.0,0.0,1.0,50.0,13.0,8.0,1.1,0.1,0.0,0
281,Calvin Ridley,25.0,ATL,WR,13.0,10.0,2.0,34.0,0.0,2.0,100.0,19.0,17.0,2.6,0.2,0.0,0
282,Willie Snead,27.0,BAL,WR,16.0,11.0,2.0,2.0,0.0,0.0,0.0,2.0,1.0,0.1,0.1,0.0,0
283,Jarrett Stidham,23.0,NWE,QB,3.0,0.0,2.0,-2.0,0.0,0.0,0.0,-1.0,-1.0,-0.7,0.7,0.0,0
284,Marquez Valdes-Scantling,25.0,GNB,WR,16.0,10.0,2.0,9.0,0.0,0.0,50.0,9.0,4.5,0.6,0.1,0.0,0
285,Darren Waller,27.0,OAK,TE,16.0,16.0,2.0,5.0,0.0,0.0,50.0,7.0,2.5,0.3,0.1,1.0,AP CPoY-3
286,Sammy Watkins,26.0,KAN,WR,14.0,13.0,2.0,12.0,0.0,1.0,50.0,11.0,6.0,0.9,0.1,2.0,0
287,De'Anthony Thomas,26.0,2TM,RB,14.0,0.0,2.0,5.0,0.0,1.0,50.0,4.0,2.5,0.4,0.1,3.0,0
288,De'Anthony Thomas,26.0,KAN,RB,6.0,0.0,1.0,4.0,0.0,1.0,100.0,4.0,4.0,0.7,0.2,2.0,0
289,De'Anthony Thomas,26.0,BAL,RB,8.0,0.0,1.0,1.0,0.0,0.0,0.0,1.0,1.0,0.1,0.1,1.0,0
291,Geronimo Allison,25.0,GNB,WR,16.0,6.0,1.0,7.0,0.0,0.0,100.0,7.0,7.0,0.4,0.1,2.0,0
293,Andrew Beck,23.0,DEN,TE,16.0,6.0,1.0,3.0,0.0,1.0,100.0,3.0,3.0,0.2,0.1,0.0,0
294,Antonio Brown,31.0,NWE,WR,1.0,0.0,1.0,5.0,0.0,1.0,100.0,5.0,5.0,5.0,1.0,0.0,0
295,Derek Carrier,29.0,OAK,TE,16.0,4.0,1.0,27.0,0.0,1.0,0.0,27.0,27.0,1.7,0.1,0.0,0
296,Robbie Chosen,26.0,NYJ,WR,16.0,15.0,1.0,4.0,0.0,0.0,100.0,4.0,4.0,0.3,0.1,1.0,0
297,Keelan Cole,26.0,JAX,WR,16.0,1.0,1.0,6.0,0.0,0.0,100.0,6.0,6.0,0.4,0.1,0.0,0
298,Amari Cooper,25.0,DAL,WR,16.0,16.0,1.0,6.0,0.0,0.0,100.0,6.0,6.0,0.4,0.1,0.0,PB
299,Pharoh Cooper,24.0,ARI,WR,12.0,1.0,1.0,2.0,0.0,0.0,0.0,2.0,2.0,0.2,0.1,0.0,0
300,Jamison Crowder,26.0,NYJ,WR,16.0,12.0,1.0,4.0,0.0,0.0,100.0,4.0,4.0,0.3,0.1,0.0,0
301,Will Dissly,23.0,SEA,TE,6.0,6.0,1.0,7.0,0.0,0.0,100.0,7.0,7.0,1.2,0.2,1.0,0
302,Tyler Ervin,26.0,GNB,RB,4.0,0.0,1.0,10.0,0.0,1.0,100.0,10.0,10.0,2.5,0.3,1.0,0
303,Gerald Everett,25.0,LAR,TE,13.0,2.0,1.0,0.0,0.0,0.0,0.0,0.0,0.0,0.0,0.1,0.0,0
304,Isaiah Ford,23.0,MIA,WR,8.0,0.0,1.0,11.0,0.0,1.0,100.0,11.0,11.0,1.4,0.1,0.0,0
305,Bennie Fowler,28.0,NYG,WR,8.0,2.0,1.0,20.0,0.0,1.0,100.0,20.0,20.0,2.5,0.1,0.0,0
307,Chris Godwin,23.0,TAM,WR,14.0,14.0,1.0,8.0,0.0,0.0,100.0,8.0,8.0,0.6,0.1,0.0,"PB,AP-2"
308,Marquise Goodwin,29.0,SFO,WR,9.0,6.0,1.0,15.0,0.0,1.0,100.0,15.0,15.0,1.7,0.1,0.0,0
309,Josh Gordon,28.0,2TM,WR,11.0,7.0,1.0,1.0,0.0,0.0,0.0,1.0,1.0,0.1,0.1,0.0,0
310,Josh Gordon,28.0,NWE,WR,6.0,6.0,1.0,1.0,0.0,0.0,0.0,1.0,1.0,0.2,0.2,0.0,0
311,Josh Gordon,28.0,SEA,WR,5.0,1.0,0.0,0.0,0.0,0.0,0.0,0.0,0.0,0.0,0.0,0.0,0
313,Marvin Hall,26.0,DET,WR,9.0,0.0,1.0,7.0,0.0,0.0,100.0,7.0,7.0,0.8,0.1,0.0,0
315,Johnny Holton,29.0,PIT,WR,16.0,3.0,1.0,9.0,0.0,1.0,100.0,9.0,9.0,0.6,0.1,0.0,0
316,Adam Humphries,26.0,TEN,WR,12.0,3.0,1.0,1.0,0.0,0.0,0.0,1.0,1.0,0.1,0.1,1.0,0
317,Andy Janovich,26.0,DEN,RB,7.0,3.0,1.0,1.0,1.0,1.0,100.0,1.0,1.0,0.1,0.1,0.0,0
318,Alshon Jeffery,29.0,PHI,WR,10.0,10.0,1.0,2.0,1.0,1.0,100.0,2.0,2.0,0.2,0.1,0.0,0
319,KeeSean Johnson,23.0,ARI,WR,10.0,4.0,1.0,3.0,0.0,0.0,0.0,3.0,3.0,0.3,0.1,1.0,0
320,Olabisi Johnson,22.0,MIN,WR,16.0,6.0,1.0,6.0,0.0,0.0,100.0,6.0,6.0,0.4,0.1,0.0,0
322,Zay Jones,24.0,2TM,WR,15.0,9.0,1.0,3.0,0.0,0.0,0.0,3.0,3.0,0.2,0.1,0.0,0
323,Zay Jones,24.0,BUF,WR,5.0,2.0,0.0,0.0,0.0,0.0,0.0,0.0,0.0,0.0,0.0,0.0,0
324,Zay Jones,24.0,OAK,WR,10.0,7.0,1.0,3.0,0.0,0.0,0.0,3.0,3.0,0.3,0.1,0.0,0
325,Travis Kelce,30.0,KAN,TE,16.0,16.0,1.0,4.0,1.0,1.0,100.0,4.0,4.0,0.3,0.1,1.0,"PB,AP-2"
327,Dawson Knox,23.0,BUF,TE,15.0,11.0,1.0,9.0,0.0,1.0,100.0,9.0,9.0,0.6,0.1,0.0,0
328,Jarvis Landry,27.0,CLE,WR,16.0,16.0,1.0,10.0,0.0,1.0,100.0,10.0,10.0,0.6,0.1,0.0,PB
329,Allen Lazard,24.0,GNB,WR,16.0,3.0,1.0,21.0,0.0,1.0,100.0,21.0,21.0,1.3,0.1,0.0,0
330,Marqise Lee,28.0,JAX,WR,6.0,1.0,1.0,1.0,0.0,0.0,0.0,1.0,1.0,0.2,0.2,0.0,0
331,Vance McDonald,29.0,PIT,TE,14.0,14.0,1.0,2.0,0.0,0.0,0.0,2.0,2.0,0.1,0.1,1.0,0
332,Trace McSorley,24.0,BAL,QB,1.0,0.0,1.0,1.0,0.0,1.0,100.0,1.0,1.0,1.0,1.0,0.0,0
333,Anthony Miller,25.0,CHI,WR,16.0,7.0,1.0,-1.0,0.0,0.0,0.0,-1.0,-1.0,-0.1,0.1,1.0,0
334,Chris Moore,26.0,BAL,WR,14.0,1.0,1.0,0.0,0.0,0.0,0.0,0.0,0.0,0.0,0.1,0.0,0
335,Alfred Morris,31.0,ARI,RB,1.0,0.0,1.0,4.0,0.0,1.0,100.0,4.0,4.0,4.0,1.0,0.0,0
337,Kalif Raymond,25.0,TEN,WR,8.0,1.0,1.0,-5.0,0.0,0.0,0.0,-5.0,-5.0,-0.6,0.1,1.0,0
338,Paul Richardson,27.0,WAS,WR,10.0,6.0,1.0,0.0,0.0,0.0,0.0,0.0,0.0,0.0,0.1,0.0,0
339,Andre Roberts,31.0,BUF,WR,13.0,0.0,1.0,7.0,0.0,0.0,100.0,7.0,7.0,0.5,0.1,1.0,PB
340,Allen Robinson,26.0,CHI,WR,16.0,15.0,1.0,2.0,0.0,0.0,0.0,2.0,2.0,0.1,0.1,0.0,0
341,Ben Roethlisberger,37.0,PIT,QB,2.0,2.0,1.0,7.0,0.0,0.0,100.0,7.0,7.0,3.5,0.5,1.0,0
342,Chester Rogers,25.0,IND,WR,12.0,6.0,1.0,18.0,0.0,1.0,100.0,18.0,18.0,1.5,0.1,2.0,0
343,Da'Mari Scott,24.0,NYG,WR,5.0,2.0,1.0,5.0,0.0,0.0,0.0,5.0,5.0,1.0,0.2,0.0,0
345,Golden Tate,31.0,NYG,WR,11.0,10.0,1.0,16.0,0.0,1.0,100.0,16.0,16.0,1.5,0.1,1.0,0
346,Michael Thomas,26.0,NOR,WR,16.0,15.0,1.0,-9.0,0.0,0.0,0.0,-9.0,-9.0,-0.6,0.1,1.0,"PB,AP-1,AP OPoY-1"
347,Danny Vitale,26.0,GNB,RB,15.0,4.0,1.0,3.0,0.0,0.0,0.0,3.0,3.0,0.2,0.1,0.0,0
348,Greg Ward,24.0,PHI,WR,7.0,3.0,1.0,5.0,0.0,0.0,0.0,5.0,5.0,0.7,0.1,0.0,0
349,Trevon Wesco,24.0,NYJ,FB,16.0,1.0,1.0,2.0,0.0,1.0,100.0,2.0,2.0,0.1,0.1,0.0,0
350,Mike Williams,25.0,LAC,WR,15.0,15.0,1.0,2.0,0.0,0.0,0.0,2.0,2.0,0.1,0.1,0.0,0
351,Jarius Wright,30.0,CAR,WR,16.0,9.0,1.0,-7.0,0.0,0.0,0.0,-7.0,-7.0,-0.4,0.1,0.0,0
352,Davante Adams,27.0,GNB,WR,12.0,12.0,0.0,0.0,0.0,0.0,0.0,0.0,0.0,0.0,0.0,2.0,PB
353,Jordan Akins,27.0,HOU,TE,16.0,9.0,0.0,0.0,0.0,0.0,0.0,0.0,0.0,0.0,0.0,0.0,0
354,Mo Alie-Cox,26.0,IND,TE,16.0,2.0,0.0,0.0,0.0,0.0,0.0,0.0,0.0,0.0,0.0,0.0,0
355,Danny Amendola,34.0,DET,WR,15.0,10.0,0.0,0.0,0.0,0.0,0.0,0.0,0.0,0.0,0.0,0.0,0
356,Mark Andrews,24.0,BAL,TE,15.0,4.0,0.0,0.0,0.0,0.0,0.0,0.0,0.0,0.0,0.0,2.0,PB
357,JJ Arcega-Whiteside,22.0,PHI,WR,16.0,5.0,0.0,0.0,0.0,0.0,0.0,0.0,0.0,0.0,0.0,0.0,0
358,Dan Arnold,24.0,2TM,WR,5.0,1.0,0.0,0.0,0.0,0.0,0.0,0.0,0.0,0.0,0.0,0.0,0
359,Dan Arnold,24.0,NOR,WR,2.0,0.0,0.0,0.0,0.0,0.0,0.0,0.0,0.0,0.0,0.0,0.0,0
360,Dan Arnold,24.0,ARI,WR,3.0,1.0,0.0,0.0,0.0,0.0,0.0,0.0,0.0,0.0,0.0,0.0,0
361,Marcell Ateman,25.0,OAK,WR,11.0,0.0,0.0,0.0,0.0,0.0,0.0,0.0,0.0,0.0,0.0,1.0,0
362,Antony Auclair,26.0,TAM,TE,8.0,5.0,0.0,0.0,0.0,0.0,0.0,0.0,0.0,0.0,0.0,0.0,0
363,Nick Bawden,23.0,DET,RB,10.0,2.0,0.0,0.0,0.0,0.0,0.0,0.0,0.0,0.0,0.0,0.0,0
364,Cole Beasley,30.0,BUF,WR,15.0,10.0,0.0,0.0,0.0,0.0,0.0,0.0,0.0,0.0,0.0,0.0,0
365,Chad Beebe,25.0,MIN,WR,3.0,0.0,0.0,0.0,0.0,0.0,0.0,0.0,0.0,0.0,0.0,3.0,0
366,Blake Bell,28.0,KAN,TE,15.0,7.0,0.0,0.0,0.0,0.0,0.0,0.0,0.0,0.0,0.0,0.0,0
367,Josh Bellamy,30.0,NYJ,WR,7.0,0.0,0.0,0.0,0.0,0.0,0.0,0.0,0.0,0.0,0.0,0.0,0
369,Travis Benjamin,30.0,LAC,WR,5.0,2.0,0.0,0.0,0.0,0.0,0.0,0.0,0.0,0.0,0.0,0.0,0
370,Braxton Berrios,24.0,NYJ,WR,16.0,0.0,0.0,0.0,0.0,0.0,0.0,0.0,0.0,0.0,0.0,1.0,0
371,Christian Blake,23.0,ATL,WR,9.0,3.0,0.0,0.0,0.0,0.0,0.0,0.0,0.0,0.0,0.0,0.0,0
372,Khari Blasingame,23.0,TEN,RB,6.0,3.0,0.0,0.0,0.0,0.0,0.0,0.0,0.0,0.0,0.0,0.0,0
373,C.J. Board,26.0,JAX,WR,4.0,0.0,0.0,0.0,0.0,0.0,0.0,0.0,0.0,0.0,0.0,0.0,0
374,Kendrick Bourne,24.0,SFO,WR,16.0,0.0,0.0,0.0,0.0,0.0,0.0,0.0,0.0,0.0,0.0,0.0,0
375,Miles Boykin,23.0,BAL,WR,16.0,11.0,0.0,0.0,0.0,0.0,0.0,0.0,0.0,0.0,0.0,0.0,0
376,Nick Boyle,26.0,BAL,TE,16.0,15.0,0.0,0.0,0.0,0.0,0.0,0.0,0.0,0.0,0.0,0.0,0
378,Cameron Brate,28.0,TAM,TE,16.0,6.0,0.0,0.0,0.0,0.0,0.0,0.0,0.0,0.0,0.0,0.0,0
379,Ben Braunecker,25.0,CHI,TE,11.0,3.0,0.0,0.0,0.0,0.0,0.0,0.0,0.0,0.0,0.0,0.0,0
380,Daniel Brown,27.0,NYJ,WR,16.0,5.0,0.0,0.0,0.0,0.0,0.0,0.0,0.0,0.0,0.0,0.0,0
381,Fred Brown,26.0,DEN,WR,13.0,1.0,0.0,0.0,0.0,0.0,0.0,0.0,0.0,0.0,0.0,1.0,0
382,Jaron Brown,29.0,SEA,WR,14.0,4.0,0.0,0.0,0.0,0.0,0.0,0.0,0.0,0.0,0.0,1.0,0
383,Marquise Brown,22.0,BAL,WR,14.0,11.0,0.0,0.0,0.0,0.0,0.0,0.0,0.0,0.0,0.0,0.0,0
384,Pharaoh Brown,25.0,CLE,TE,9.0,6.0,0.0,0.0,0.0,0.0,0.0,0.0,0.0,0.0,0.0,0.0,0
385,Ventell Bryant,23.0,DAL,WR,12.0,0.0,0.0,0.0,0.0,0.0,0.0,0.0,0.0,0.0,0.0,0.0,0
386,Deontay Burnett,22.0,PHI,WR,1.0,1.0,0.0,0.0,0.0,0.0,0.0,0.0,0.0,0.0,0.0,0.0,0
387,Michael Burton,27.0,WAS,RB,10.0,2.0,0.0,0.0,0.0,0.0,0.0,0.0,0.0,0.0,0.0,0.0,0
388,Trey Burton,28.0,CHI,TE,8.0,5.0,0.0,0.0,0.0,0.0,0.0,0.0,0.0,0.0,0.0,0.0,0
390,Damiere Byrd,26.0,ARI,WR,11.0,3.0,0.0,0.0,0.0,0.0,0.0,0.0,0.0,0.0,0.0,1.0,0
391,Deon Cain,23.0,2TM,WR,13.0,6.0,0.0,0.0,0.0,0.0,0.0,0.0,0.0,0.0,0.0,0.0,0
392,Deon Cain,23.0,IND,WR,7.0,3.0,0.0,0.0,0.0,0.0,0.0,0.0,0.0,0.0,0.0,0.0,0
393,Deon Cain,23.0,PIT,WR,6.0,3.0,0.0,0.0,0.0,0.0,0.0,0.0,0.0,0.0,0.0,0.0,0
394,Antonio Callaway,22.0,CLE,WR,4.0,2.0,0.0,0.0,0.0,0.0,0.0,0.0,0.0,0.0,0.0,0.0,0
395,Stephen Carlson,23.0,CLE,TE,9.0,5.0,0.0,0.0,0.0,0.0,0.0,0.0,0.0,0.0,0.0,0.0,0
396,Austin Carr,26.0,NOR,WR,6.0,3.0,0.0,0.0,0.0,0.0,0.0,0.0,0.0,0.0,0.0,0.0,0
397,Cethan Carter,24.0,CIN,TE,15.0,0.0,0.0,0.0,0.0,0.0,0.0,0.0,0.0,0.0,0.0,0.0,0
398,DeAndre Carter,26.0,HOU,WR,16.0,3.0,0.0,0.0,0.0,0.0,0.0,0.0,0.0,0.0,0.0,2.0,0
399,Charles Clay,30.0,ARI,TE,15.0,10.0,0.0,0.0,0.0,0.0,0.0,0.0,0.0,0.0,0.0,0.0,0
400,Tyler Conklin,24.0,MIN,TE,15.0,1.0,0.0,0.0,0.0,0.0,0.0,0.0,0.0,0.0,0.0,0.0,0
401,Chris Conley,27.0,JAX,WR,16.0,14.0,0.0,0.0,0.0,0.0,0.0,0.0,0.0,0.0,0.0,0.0,0
402,Jared Cook,32.0,NOR,TE,14.0,7.0,0.0,0.0,0.0,0.0,0.0,0.0,0.0,0.0,0.0,0.0,PB
403,Cody Core,25.0,NYG,WR,16.0,0.0,0.0,0.0,0.0,0.0,0.0,0.0,0.0,0.0,0.0,0.0,0
404,Michael Crabtree,32.0,ARI,WR,2.0,1.0,0.0,0.0,0.0,0.0,0.0,0.0,0.0,0.0,0.0,0.0,0
406,Sean Culkin,26.0,LAC,TE,4.0,2.0,0.0,0.0,0.0,0.0,0.0,0.0,0.0,0.0,0.0,0.0,0
407,Darrell Daniels,25.0,ARI,TE,11.0,0.0,0.0,0.0,0.0,0.0,0.0,0.0,0.0,0.0,0.0,0.0,0
409,Corey Davis,24.0,TEN,TE,15.0,11.0,0.0,0.0,0.0,0.0,0.0,0.0,0.0,0.0,0.0,1.0,0
410,Geremy Davis,27.0,LAC,WR,7.0,1.0,0.0,0.0,0.0,0.0,0.0,0.0,0.0,0.0,0.0,0.0,0
411,Rashard Davis,24.0,TEN,WR,1.0,0.0,0.0,0.0,0.0,0.0,0.0,0.0,0.0,0.0,0.0,0.0,0
412,Robert Davis,24.0,2TM,WR,6.0,3.0,0.0,0.0,0.0,0.0,0.0,0.0,0.0,0.0,0.0,0.0,0
413,Robert Davis,24.0,WAS,WR,3.0,1.0,0.0,0.0,0.0,0.0,0.0,0.0,0.0,0.0,0.0,0.0,0
414,Robert Davis,24.0,PHI,WR,3.0,2.0,0.0,0.0,0.0,0.0,0.0,0.0,0.0,0.0,0.0,0.0,0
415,Vernon Davis,35.0,WAS,TE,4.0,1.0,0.0,0.0,0.0,0.0,0.0,0.0,0.0,0.0,0.0,0.0,0
418,Seth Devalve,26.0,JAX,TE,12.0,6.0,0.0,0.0,0.0,0.0,0.0,0.0,0.0,0.0,0.0,0.0,0
419,Keelan Doss,23.0,OAK,WR,8.0,2.0,0.0,0.0,0.0,0.0,0.0,0.0,0.0,0.0,0.0,0.0,0
420,Jack Doyle,29.0,IND,TE,16.0,16.0,0.0,0.0,0.0,0.0,0.0,0.0,0.0,0.0,0.0,1.0,PB
421,Ashton Dulin,22.0,IND,WR,13.0,0.0,0.0,0.0,0.0,0.0,0.0,0.0,0.0,0.0,0.0,0.0,0
422,Ross Dwelley,24.0,SFO,TE,16.0,6.0,0.0,0.0,0.0,0.0,0.0,0.0,0.0,0.0,0.0,0.0,0
423,Eric Ebron,26.0,IND,TE,11.0,2.0,0.0,0.0,0.0,0.0,0.0,0.0,0.0,0.0,0.0,0.0,0
424,Tyler Eifert,29.0,CIN,TE,16.0,4.0,0.0,0.0,0.0,0.0,0.0,0.0,0.0,0.0,0.0,0.0,0
425,Rhett Ellison,31.0,NYG,FB,10.0,7.0,0.0,0.0,0.0,0.0,0.0,0.0,0.0,0.0,0.0,0.0,0
426,Quincy Enunwa,27.0,NYJ,WR,1.0,1.0,0.0,0.0,0.0,0.0,0.0,0.0,0.0,0.0,0.0,1.0,0
427,Zach Ertz,29.0,PHI,TE,15.0,15.0,0.0,0.0,0.0,0.0,0.0,0.0,0.0,0.0,0.0,1.0,PB
428,Mike Evans,26.0,TAM,WR,13.0,13.0,0.0,0.0,0.0,0.0,0.0,0.0,0.0,0.0,0.0,0.0,PB
430,Darren Fells,33.0,HOU,TE,16.0,14.0,0.0,0.0,0.0,0.0,0.0,0.0,0.0,0.0,0.0,0.0,0
431,Anthony Firkser,24.0,TEN,FB,15.0,1.0,0.0,0.0,0.0,0.0,0.0,0.0,0.0,0.0,0.0,0.0,0
432,Larry Fitzgerald,36.0,ARI,WR,16.0,16.0,0.0,0.0,0.0,0.0,0.0,0.0,0.0,0.0,0.0,1.0,0
433,Travis Fulgham,24.0,DET,WR,3.0,0.0,0.0,0.0,0.0,0.0,0.0,0.0,0.0,0.0,0.0,0.0,0
434,Will Fuller,25.0,HOU,WR,11.0,11.0,0.0,0.0,0.0,0.0,0.0,0.0,0.0,0.0,0.0,1.0,0
435,Troy Fumagalli,24.0,DEN,TE,11.0,5.0,0.0,0.0,0.0,0.0,0.0,0.0,0.0,0.0,0.0,0.0,0
436,Devin Funchess,25.0,IND,WR,1.0,1.0,0.0,0.0,0.0,0.0,0.0,0.0,0.0,0.0,0.0,0.0,0
438,Michael Gallup,23.0,DAL,WR,14.0,12.0,0.0,0.0,0.0,0.0,0.0,0.0,0.0,0.0,0.0,0.0,0
439,Zach Gentry,23.0,PIT,TE,4.0,0.0,0.0,0.0,0.0,0.0,0.0,0.0,0.0,0.0,0.0,0.0,0
440,Mike Gesicki,24.0,MIA,TE,16.0,5.0,0.0,0.0,0.0,0.0,0.0,0.0,0.0,0.0,0.0,1.0,0
441,Dallas Goedert,24.0,PHI,TE,15.0,9.0,0.0,0.0,0.0,0.0,0.0,0.0,0.0,0.0,0.0,2.0,0
442,Kenny Golladay,26.0,DET,WR,16.0,16.0,0.0,0.0,0.0,0.0,0.0,0.0,0.0,0.0,0.0,1.0,PB
443,Jaeden Graham,24.0,ATL,TE,16.0,0.0,0.0,0.0,0.0,0.0,0.0,0.0,0.0,0.0,0.0,0.0,0
444,Jimmy Graham,33.0,GNB,TE,16.0,10.0,0.0,0.0,0.0,0.0,0.0,0.0,0.0,0.0,0.0,1.0,0
445,Ryan Grant,29.0,OAK,WR,2.0,1.0,0.0,0.0,0.0,0.0,0.0,0.0,0.0,0.0,0.0,0.0,0
446,Cyril Grayson,26.0,TAM,WR,2.0,0.0,0.0,0.0,0.0,0.0,0.0,0.0,0.0,0.0,0.0,0.0,0
447,Virgil Green,31.0,LAC,TE,15.0,4.0,0.0,0.0,0.0,0.0,0.0,0.0,0.0,0.0,0.0,0.0,0
448,Ryan Griffin,29.0,NYJ,TE,13.0,13.0,0.0,0.0,0.0,0.0,0.0,0.0,0.0,0.0,0.0,0.0,0
449,Xavier Grimble,27.0,PIT,TE,3.0,1.0,0.0,0.0,0.0,0.0,0.0,0.0,0.0,0.0,0.0,0.0,0
450,Jalen Guyton,22.0,LAC,WR,3.0,0.0,0.0,0.0,0.0,0.0,0.0,0.0,0.0,0.0,0.0,0.0,0
451,DaeSean Hamilton,24.0,DEN,WR,16.0,2.0,0.0,0.0,0.0,0.0,0.0,0.0,0.0,0.0,0.0,0.0,0
452,Justin Hardee,25.0,NOR,WR,16.0,0.0,0.0,0.0,0.0,0.0,0.0,0.0,0.0,0.0,0.0,0.0,0
453,Justin Hardy,28.0,ATL,WR,16.0,1.0,0.0,0.0,0.0,0.0,0.0,0.0,0.0,0.0,0.0,0.0,0
454,Kelvin Harmon,23.0,WAS,WR,16.0,8.0,0.0,0.0,0.0,0.0,0.0,0.0,0.0,0.0,0.0,0.0,0
455,Demetrius Harris,28.0,CLE,TE,15.0,6.0,0.0,0.0,0.0,0.0,0.0,0.0,0.0,0.0,0.0,0.0,0
456,Dwayne Harris,32.0,OAK,WR,3.0,0.0,0.0,0.0,0.0,0.0,0.0,0.0,0.0,0.0,0.0,0.0,0
457,Hunter Henry,25.0,LAC,TE,12.0,12.0,0.0,0.0,0.0,0.0,0.0,0.0,0.0,0.0,0.0,1.0,0
458,Hale Hentges,23.0,WAS,TE,11.0,4.0,0.0,0.0,0.0,0.0,0.0,0.0,0.0,0.0,0.0,0.0,0
459,Chris Herndon,23.0,NYJ,TE,1.0,0.0,0.0,0.0,0.0,0.0,0.0,0.0,0.0,0.0,0.0,0.0,0
460,Jeff Heuerman,27.0,DEN,TE,14.0,11.0,0.0,0.0,0.0,0.0,0.0,0.0,0.0,0.0,0.0,0.0,0
461,Tyler Higbee,26.0,LAR,TE,15.0,15.0,0.0,0.0,0.0,0.0,0.0,0.0,0.0,0.0,0.0,0.0,0
462,Rashard Higgins,25.0,CLE,WR,10.0,1.0,0.0,0.0,0.0,0.0,0.0,0.0,0.0,0.0,0.0,0.0,0
463,Josh Hill,29.0,NOR,TE,16.0,11.0,0.0,0.0,0.0,0.0,0.0,0.0,0.0,0.0,0.0,0.0,0
464,T.Y. Hilton,30.0,IND,WR,10.0,10.0,0.0,0.0,0.0,0.0,0.0,0.0,0.0,0.0,0.0,0.0,0
465,T.J. Hockenson,22.0,DET,TE,12.0,7.0,0.0,0.0,0.0,0.0,0.0,0.0,0.0,0.0,0.0,0.0,0
466,KhaDarel Hodge,24.0,CLE,WR,16.0,1.0,0.0,0.0,0.0,0.0,0.0,0.0,0.0,0.0,0.0,0.0,0
467,Chris Hogan,32.0,CAR,WR,7.0,1.0,0.0,0.0,0.0,0.0,0.0,0.0,0.0,0.0,0.0,0.0,0
468,Krishawn Hogan,24.0,NOR,WR,8.0,0.0,0.0,0.0,0.0,0.0,0.0,0.0,0.0,0.0,0.0,0.0,0
469,Alexander Hollins,23.0,MIN,WR,5.0,1.0,0.0,0.0,0.0,0.0,0.0,0.0,0.0,0.0,0.0,0.0,0
470,Mack Hollins,26.0,2TM,WR,16.0,3.0,0.0,0.0,0.0,0.0,0.0,0.0,0.0,0.0,0.0,0.0,0
471,Mack Hollins,26.0,PHI,WR,12.0,3.0,0.0,0.0,0.0,0.0,0.0,0.0,0.0,0.0,0.0,0.0,0
472,Mack Hollins,26.0,MIA,WR,4.0,0.0,0.0,0.0,0.0,0.0,0.0,0.0,0.0,0.0,0.0,0.0,0
473,Cody Hollister,26.0,TEN,WR,5.0,0.0,0.0,0.0,0.0,0.0,0.0,0.0,0.0,0.0,0.0,0.0,0
474,Jacob Hollister,26.0,SEA,TE,11.0,3.0,0.0,0.0,0.0,0.0,0.0,0.0,0.0,0.0,0.0,0.0,0
475,J.P. Holtz,26.0,CHI,TE,14.0,7.0,0.0,0.0,0.0,0.0,0.0,0.0,0.0,0.0,0.0,0.0,0
476,Austin Hooper,25.0,ATL,TE,13.0,10.0,0.0,0.0,0.0,0.0,0.0,0.0,0.0,0.0,0.0,0.0,PB
477,Jesper Horsted,22.0,CHI,WR,6.0,1.0,0.0,0.0,0.0,0.0,0.0,0.0,0.0,0.0,0.0,1.0,0
478,O.J. Howard,25.0,TAM,TE,14.0,14.0,0.0,0.0,0.0,0.0,0.0,0.0,0.0,0.0,0.0,1.0,0
479,Tanner Hudson,25.0,TAM,TE,9.0,1.0,0.0,0.0,0.0,0.0,0.0,0.0,0.0,0.0,0.0,0.0,0
480,Lil'Jordan Humphrey,21.0,NOR,WR,5.0,1.0,0.0,0.0,0.0,0.0,0.0,0.0,0.0,0.0,0.0,0.0,0
481,Allen Hurns,28.0,MIA,WR,14.0,7.0,0.0,0.0,0.0,0.0,0.0,0.0,0.0,0.0,0.0,1.0,0
482,Hayden Hurst,26.0,BAL,TE,16.0,4.0,0.0,0.0,0.0,0.0,0.0,0.0,0.0,0.0,0.0,0.0,0
483,Ishmael Hyman,24.0,TAM,WR,2.0,1.0,0.0,0.0,0.0,0.0,0.0,0.0,0.0,0.0,0.0,0.0,0
484,Dontrelle Inman,30.0,2TM,WR,7.0,1.0,0.0,0.0,0.0,0.0,0.0,0.0,0.0,0.0,0.0,0.0,0
485,Dontrelle Inman,30.0,LAC,WR,4.0,1.0,0.0,0.0,0.0,0.0,0.0,0.0,0.0,0.0,0.0,0.0,0
486,Dontrelle Inman,30.0,IND,WR,3.0,0.0,0.0,0.0,0.0,0.0,0.0,0.0,0.0,0.0,0.0,0.0,0
487,Ryan Izzo,24.0,NWE,TE,6.0,4.0,0.0,0.0,0.0,0.0,0.0,0.0,0.0,0.0,0.0,0.0,0
488,DeSean Jackson,33.0,PHI,WR,3.0,3.0,0.0,0.0,0.0,0.0,0.0,0.0,0.0,0.0,0.0,0.0,0
489,Jesse James,25.0,DET,TE,16.0,11.0,0.0,0.0,0.0,0.0,0.0,0.0,0.0,0.0,0.0,0.0,0
490,Blake Jarwin,25.0,DAL,TE,16.0,7.0,0.0,0.0,0.0,0.0,0.0,0.0,0.0,0.0,0.0,1.0,0
491,Darius Jennings,27.0,TEN,WR,8.0,0.0,0.0,0.0,0.0,0.0,0.0,0.0,0.0,0.0,0.0,0.0,0
492,Jakob Johnson,25.0,NWE,FB,4.0,3.0,0.0,0.0,0.0,0.0,0.0,0.0,0.0,0.0,0.0,0.0,0
493,Marcus Johnson,25.0,IND,WR,8.0,6.0,0.0,0.0,0.0,0.0,0.0,0.0,0.0,0.0,0.0,0.0,0
494,Charles Jones,23.0,JAX,TE,4.0,0.0,0.0,0.0,0.0,0.0,0.0,0.0,0.0,0.0,0.0,0.0,0
495,T.J. Jones,27.0,NYG,WR,3.0,0.0,0.0,0.0,0.0,0.0,0.0,0.0,0.0,0.0,0.0,3.0,0
496,Tevin Jones,27.0,PIT,WR,5.0,0.0,0.0,0.0,0.0,0.0,0.0,0.0,0.0,0.0,0.0,0.0,0
498,Lance Kendricks,31.0,LAC,TE,12.0,1.0,0.0,0.0,0.0,0.0,0.0,0.0,0.0,0.0,0.0,0.0,0
499,Ben Koyack,26.0,JAX,TE,11.0,6.0,0.0,0.0,0.0,0.0,0.0,0.0,0.0,0.0,0.0,0.0,0
500,Tyler Kroft,27.0,BUF,TE,11.0,3.0,0.0,0.0,0.0,0.0,0.0,0.0,0.0,0.0,0.0,0.0,0
501,Jake Kumerow,27.0,GNB,WR,14.0,4.0,0.0,0.0,0.0,0.0,0.0,0.0,0.0,0.0,0.0,0.0,0
503,Matt LaCosse,27.0,NWE,TE,11.0,8.0,0.0,0.0,0.0,0.0,0.0,0.0,0.0,0.0,0.0,0.0,0
504,Chris Lacy,23.0,DET,WR,7.0,2.0,0.0,0.0,0.0,0.0,0.0,0.0,0.0,0.0,0.0,0.0,0
505,Cody Latimer,27.0,NYG,WR,15.0,10.0,0.0,0.0,0.0,0.0,0.0,0.0,0.0,0.0,0.0,0.0,0
506,Marcedes Lewis,35.0,GNB,TE,16.0,11.0,0.0,0.0,0.0,0.0,0.0,0.0,0.0,0.0,0.0,0.0,0
508,Chris Manhertz,27.0,CAR,TE,15.0,6.0,0.0,0.0,0.0,0.0,0.0,0.0,0.0,0.0,0.0,0.0,0
509,Jordan Matthews,27.0,PHI,WR,2.0,1.0,0.0,0.0,0.0,0.0,0.0,0.0,0.0,0.0,0.0,0.0,0
510,Codey McElroy,27.0,TAM,TE,1.0,0.0,0.0,0.0,0.0,0.0,0.0,0.0,0.0,0.0,0.0,0.0,0
512,Terry McLaurin,24.0,WAS,WR,14.0,14.0,0.0,0.0,0.0,0.0,0.0,0.0,0.0,0.0,0.0,0.0,0
513,Jakobi Meyers,23.0,NWE,WR,15.0,1.0,0.0,0.0,0.0,0.0,0.0,0.0,0.0,0.0,0.0,0.0,0
514,Steven Mitchell,25.0,HOU,WR,3.0,1.0,0.0,0.0,0.0,0.0,0.0,0.0,0.0,0.0,0.0,0.0,0
515,Donte Moncrief,26.0,PIT,WR,5.0,2.0,0.0,0.0,0.0,0.0,0.0,0.0,0.0,0.0,0.0,0.0,0
516,Jason Moore,24.0,LAC,WR,10.0,0.0,0.0,0.0,0.0,0.0,0.0,0.0,0.0,0.0,0.0,0.0,0
517,Foster Moreau,22.0,OAK,TE,13.0,7.0,0.0,0.0,0.0,0.0,0.0,0.0,0.0,0.0,0.0,0.0,0
518,Stanley Morgan Jr.,23.0,CIN,WR,11.0,0.0,0.0,0.0,0.0,0.0,0.0,0.0,0.0,0.0,0.0,0.0,0
519,Johnny Mundt,25.0,LAR,TE,13.0,2.0,0.0,0.0,0.0,0.0,0.0,0.0,0.0,0.0,0.0,0.0,0
520,Isaac Nauta,22.0,DET,TE,6.0,0.0,0.0,0.0,0.0,0.0,0.0,0.0,0.0,0.0,0.0,0.0,0
521,JJ Nelson,27.0,OAK,WR,2.0,1.0,0.0,0.0,0.0,0.0,0.0,0.0,0.0,0.0,0.0,0.0,0
522,Roosevelt Nix,27.0,PIT,RB,3.0,0.0,0.0,0.0,0.0,0.0,0.0,0.0,0.0,0.0,0.0,0.0,0
523,David Njoku,23.0,CLE,TE,4.0,1.0,0.0,0.0,0.0,0.0,0.0,0.0,0.0,0.0,0.0,0.0,0
524,Nick O'Leary,27.0,2TM,TE,12.0,5.0,0.0,0.0,0.0,0.0,0.0,0.0,0.0,0.0,0.0,1.0,0
525,Nick O'Leary,27.0,MIA,TE,7.0,2.0,0.0,0.0,0.0,0.0,0.0,0.0,0.0,0.0,0.0,1.0,0
526,Nick O'Leary,27.0,JAX,TE,5.0,3.0,0.0,0.0,0.0,0.0,0.0,0.0,0.0,0.0,0.0,0.0,0
527,James O'Shaughnessy,27.0,JAX,TE,5.0,5.0,0.0,0.0,0.0,0.0,0.0,0.0,0.0,0.0,0.0,0.0,0
528,Jamize Olawale,30.0,DAL,FB,16.0,5.0,0.0,0.0,0.0,0.0,0.0,0.0,0.0,0.0,0.0,0.0,0
529,Josh Oliver,22.0,JAX,TE,4.0,1.0,0.0,0.0,0.0,0.0,0.0,0.0,0.0,0.0,0.0,0.0,0
530,Greg Olsen,34.0,CAR,TE,14.0,14.0,0.0,0.0,0.0,0.0,0.0,0.0,0.0,0.0,0.0,0.0,0
531,Gunner Olszewski,23.0,NWE,WR,8.0,0.0,0.0,0.0,0.0,0.0,0.0,0.0,0.0,0.0,0.0,1.0,0
532,Ricky Ortiz,25.0,NOR,FB,1.0,0.0,0.0,0.0,0.0,0.0,0.0,0.0,0.0,0.0,0.0,0.0,0
533,DeVante Parker,26.0,MIA,WR,16.0,14.0,0.0,0.0,0.0,0.0,0.0,0.0,0.0,0.0,0.0,0.0,0
534,Tim Patrick,26.0,DEN,WR,8.0,2.0,0.0,0.0,0.0,0.0,0.0,0.0,0.0,0.0,0.0,0.0,0
535,Andre Patton,25.0,LAC,WR,13.0,5.0,0.0,0.0,0.0,0.0,0.0,0.0,0.0,0.0,0.0,0.0,0
536,Joshua Perkins,26.0,PHI,TE,5.0,0.0,0.0,0.0,0.0,0.0,0.0,0.0,0.0,0.0,0.0,0.0,0
537,Dante Pettis,24.0,SFO,WR,11.0,4.0,0.0,0.0,0.0,0.0,0.0,0.0,0.0,0.0,0.0,0.0,0
538,Byron Pringle,26.0,KAN,WR,16.0,0.0,0.0,0.0,0.0,0.0,0.0,0.0,0.0,0.0,0.0,0.0,0
539,MyCole Pruitt,27.0,TEN,TE,16.0,10.0,0.0,0.0,0.0,0.0,0.0,0.0,0.0,0.0,0.0,0.0,0
541,Trey Quinn,24.0,WAS,WR,12.0,6.0,0.0,0.0,0.0,0.0,0.0,0.0,0.0,0.0,0.0,1.0,0
542,Damion Ratley,24.0,CLE,WR,13.0,3.0,0.0,0.0,0.0,0.0,0.0,0.0,0.0,0.0,0.0,0.0,0
543,Hunter Renfrow,24.0,OAK,WR,13.0,4.0,0.0,0.0,0.0,0.0,0.0,0.0,0.0,0.0,0.0,1.0,0
544,Patrick Ricard,25.0,BAL,FB,16.0,7.0,0.0,0.0,0.0,0.0,0.0,0.0,0.0,0.0,0.0,0.0,PB
545,Riley Ridley,23.0,CHI,WR,5.0,0.0,0.0,0.0,0.0,0.0,0.0,0.0,0.0,0.0,0.0,0.0,0
547,Seth Roberts,28.0,BAL,WR,16.0,0.0,0.0,0.0,0.0,0.0,0.0,0.0,0.0,0.0,0.0,0.0,0
548,Demarcus Robinson,25.0,KAN,WR,16.0,10.0,0.0,0.0,0.0,0.0,0.0,0.0,0.0,0.0,0.0,0.0,0
549,Kyle Rudolph,30.0,MIN,TE,16.0,16.0,0.0,0.0,0.0,0.0,0.0,0.0,0.0,0.0,0.0,0.0,0
551,Drew Sample,23.0,CIN,TE,9.0,2.0,0.0,0.0,0.0,0.0,0.0,0.0,0.0,0.0,0.0,0.0,0
552,Emmanuel Sanders,32.0,2TM,WR,17.0,16.0,0.0,0.0,0.0,0.0,0.0,0.0,0.0,0.0,0.0,0.0,0
553,Emmanuel Sanders,32.0,DEN,WR,7.0,7.0,0.0,0.0,0.0,0.0,0.0,0.0,0.0,0.0,0.0,0.0,0
554,Emmanuel Sanders,32.0,SFO,WR,10.0,9.0,0.0,0.0,0.0,0.0,0.0,0.0,0.0,0.0,0.0,0.0,0
556,Eric Saubert,25.0,CHI,TE,2.0,0.0,0.0,0.0,0.0,0.0,0.0,0.0,0.0,0.0,0.0,0.0,0
557,Dalton Schultz,23.0,DAL,TE,16.0,0.0,0.0,0.0,0.0,0.0,0.0,0.0,0.0,0.0,0.0,0.0,0
558,Jaleel Scott,24.0,BAL,WR,3.0,0.0,0.0,0.0,0.0,0.0,0.0,0.0,0.0,0.0,0.0,0.0,0
559,Ricky Seals-Jones,24.0,CLE,WR,14.0,3.0,0.0,0.0,0.0,0.0,0.0,0.0,0.0,0.0,0.0,1.0,0
560,Adam Shaheen,25.0,CHI,TE,8.0,2.0,0.0,0.0,0.0,0.0,0.0,0.0,0.0,0.0,0.0,1.0,0
561,Tajae Sharpe,25.0,TEN,WR,15.0,6.0,0.0,0.0,0.0,0.0,0.0,0.0,0.0,0.0,0.0,0.0,0
562,Russell Shepard,29.0,NYG,WR,3.0,0.0,0.0,0.0,0.0,0.0,0.0,0.0,0.0,0.0,0.0,0.0,0
563,Darrius Shepherd,24.0,GNB,WR,6.0,0.0,0.0,0.0,0.0,0.0,0.0,0.0,0.0,0.0,0.0,1.0,0
564,Trent Sherfield,23.0,ARI,WR,16.0,1.0,0.0,0.0,0.0,0.0,0.0,0.0,0.0,0.0,0.0,0.0,0
565,Scott Simonson,27.0,NYG,TE,5.0,1.0,0.0,0.0,0.0,0.0,0.0,0.0,0.0,0.0,0.0,0.0,0
566,Cam Sims,23.0,WAS,WR,7.0,1.0,0.0,0.0,0.0,0.0,0.0,0.0,0.0,0.0,0.0,0.0,0
567,Darius Slayton,22.0,NYG,WR,14.0,9.0,0.0,0.0,0.0,0.0,0.0,0.0,0.0,0.0,0.0,0.0,0
568,Devin Smith,27.0,DAL,WR,4.0,2.0,0.0,0.0,0.0,0.0,0.0,0.0,0.0,0.0,0.0,0.0,0
569,Irv Smith Jr.,21.0,MIN,TE,16.0,7.0,0.0,0.0,0.0,0.0,0.0,0.0,0.0,0.0,0.0,1.0,0
570,Jeff Smith,22.0,NYJ,WR,1.0,0.0,0.0,0.0,0.0,0.0,0.0,0.0,0.0,0.0,0.0,0.0,0
571,Kaden Smith,22.0,NYG,TE,9.0,6.0,0.0,0.0,0.0,0.0,0.0,0.0,0.0,0.0,0.0,2.0,0
572,Lee Smith,32.0,BUF,WR,16.0,5.0,0.0,0.0,0.0,0.0,0.0,0.0,0.0,0.0,0.0,0.0,0
573,Tre'Quan Smith,23.0,NOR,WR,11.0,6.0,0.0,0.0,0.0,0.0,0.0,0.0,0.0,0.0,0.0,0.0,0
574,JuJu Smith-Schuster,23.0,PIT,WR,12.0,12.0,0.0,0.0,0.0,0.0,0.0,0.0,0.0,0.0,0.0,1.0,0
575,Durham Smythe,24.0,MIA,TE,16.0,14.0,0.0,0.0,0.0,0.0,0.0,0.0,0.0,0.0,0.0,0.0,0
576,Jeremy Sprinkle,25.0,WAS,TE,16.0,13.0,0.0,0.0,0.0,0.0,0.0,0.0,0.0,0.0,0.0,1.0,0
577,Jace Sternberger,23.0,GNB,TE,6.0,1.0,0.0,0.0,0.0,0.0,0.0,0.0,0.0,0.0,0.0,0.0,0
578,Kenny Stills,27.0,HOU,WR,13.0,5.0,0.0,0.0,0.0,0.0,0.0,0.0,0.0,0.0,0.0,0.0,0
579,Luke Stocker,31.0,ATL,TE,15.0,9.0,0.0,0.0,0.0,0.0,0.0,0.0,0.0,0.0,0.0,1.0,0
580,Geoff Swaim,26.0,JAX,TE,6.0,2.0,0.0,0.0,0.0,0.0,0.0,0.0,0.0,0.0,0.0,0.0,0
581,Tommy Sweeney,24.0,BUF,TE,6.0,1.0,0.0,0.0,0.0,0.0,0.0,0.0,0.0,0.0,0.0,0.0,0
582,Ryan Switzer,25.0,PIT,WR,9.0,0.0,0.0,0.0,0.0,0.0,0.0,0.0,0.0,0.0,0.0,1.0,0
583,Tyrone Swoopes,25.0,SEA,TE,5.0,2.0,0.0,0.0,0.0,0.0,0.0,0.0,0.0,0.0,0.0,0.0,0
584,Auden Tate,22.0,CIN,WR,12.0,10.0,0.0,0.0,0.0,0.0,0.0,0.0,0.0,0.0,0.0,1.0,0
585,Taywan Taylor,24.0,CLE,WR,3.0,1.0,0.0,0.0,0.0,0.0,0.0,0.0,0.0,0.0,0.0,0.0,0
587,Demaryius Thomas,32.0,NYJ,WR,11.0,10.0,0.0,0.0,0.0,0.0,0.0,0.0,0.0,0.0,0.0,0.0,0
588,Ian Thomas,23.0,CAR,TE,16.0,3.0,0.0,0.0,0.0,0.0,0.0,0.0,0.0,0.0,0.0,0.0,0
589,Jordan Thomas,23.0,HOU,TE,5.0,2.0,0.0,0.0,0.0,0.0,0.0,0.0,0.0,0.0,0.0,0.0,0
590,Logan Thomas,28.0,DET,TE,16.0,3.0,0.0,0.0,0.0,0.0,0.0,0.0,0.0,0.0,0.0,0.0,0
591,Mike Thomas,25.0,LAR,WR,16.0,0.0,0.0,0.0,0.0,0.0,0.0,0.0,0.0,0.0,0.0,0.0,0
592,Levine Toilolo,28.0,SFO,TE,13.0,0.0,0.0,0.0,0.0,0.0,0.0,0.0,0.0,0.0,0.0,0.0,0
593,Eric Tomlinson,27.0,NWE,TE,2.0,2.0,0.0,0.0,0.0,0.0,0.0,0.0,0.0,0.0,0.0,0.0,0
594,Robert Tonyan,25.0,GNB,TE,11.0,1.0,0.0,0.0,0.0,0.0,0.0,0.0,0.0,0.0,0.0,0.0,0
596,Laquon Treadwell,24.0,MIN,WR,13.0,1.0,0.0,0.0,0.0,0.0,0.0,0.0,0.0,0.0,0.0,0.0,0
597,Malik Turner,23.0,SEA,WR,15.0,3.0,0.0,0.0,0.0,0.0,0.0,0.0,0.0,0.0,0.0,0.0,0
598,John Ursua,25.0,SEA,WR,3.0,0.0,0.0,0.0,0.0,0.0,0.0,0.0,0.0,0.0,0.0,0.0,0
599,C.J. Uzomah,26.0,CIN,TE,16.0,16.0,0.0,0.0,0.0,0.0,0.0,0.0,0.0,0.0,0.0,0.0,0
600,Nick Vannett,26.0,2TM,TE,16.0,7.0,0.0,0.0,0.0,0.0,0.0,0.0,0.0,0.0,0.0,0.0,0
601,Nick Vannett,26.0,SEA,TE,3.0,1.0,0.0,0.0,0.0,0.0,0.0,0.0,0.0,0.0,0.0,0.0,0
602,Nick Vannett,26.0,PIT,TE,13.0,6.0,0.0,0.0,0.0,0.0,0.0,0.0,0.0,0.0,0.0,0.0,0
604,Clive Walford,28.0,MIA,TE,7.0,3.0,0.0,4.0,0.0,0.0,0.0,4.0,0.0,0.6,0.0,0.0,0
605,Delanie Walker,35.0,TEN,TE,7.0,4.0,0.0,0.0,0.0,0.0,0.0,0.0,0.0,0.0,0.0,1.0,0
606,Michael Walker,23.0,JAX,WR,7.0,0.0,0.0,0.0,0.0,0.0,0.0,0.0,0.0,0.0,0.0,2.0,0
607,James Washington,23.0,PIT,WR,15.0,10.0,0.0,0.0,0.0,0.0,0.0,0.0,0.0,0.0,0.0,1.0,0
608,Ben Watson,39.0,NWE,TE,10.0,8.0,0.0,0.0,0.0,0.0,0.0,0.0,0.0,0.0,0.0,0.0,0
609,Justin Watson,23.0,TAM,WR,16.0,2.0,0.0,0.0,0.0,0.0,0.0,0.0,0.0,0.0,0.0,0.0,0
610,DeAndrew White,28.0,CAR,WR,10.0,0.0,0.0,0.0,0.0,0.0,0.0,0.0,0.0,0.0,0.0,0.0,0
612,Chad Williams,25.0,IND,WR,1.0,0.0,0.0,0.0,0.0,0.0,0.0,0.0,0.0,0.0,0.0,0.0,0
613,Duke Williams,27.0,BUF,WR,4.0,3.0,0.0,0.0,0.0,0.0,0.0,0.0,0.0,0.0,0.0,0.0,0
614,Maxx Williams,25.0,ARI,TE,16.0,10.0,0.0,0.0,0.0,0.0,0.0,0.0,0.0,0.0,0.0,0.0,0
615,Preston Williams,22.0,MIA,WR,8.0,7.0,0.0,0.0,0.0,0.0,0.0,0.0,0.0,0.0,0.0,2.0,0
616,Tyrell Williams,27.0,OAK,WR,14.0,12.0,0.0,0.0,0.0,0.0,0.0,0.0,0.0,0.0,0.0,0.0,0
617,Damion Willis,22.0,CIN,WR,10.0,2.0,0.0,0.0,0.0,0.0,0.0,0.0,0.0,0.0,0.0,0.0,0
618,Luke Willson,29.0,SEA,TE,8.0,7.0,0.0,0.0,0.0,0.0,0.0,0.0,0.0,0.0,0.0,0.0,0
619,Bobo Wilson,24.0,TAM,WR,6.0,1.0,0.0,0.0,0.0,0.0,0.0,0.0,0.0,0.0,0.0,3.0,0
620,Cedrick Wilson Jr.,24.0,DAL,WR,6.0,0.0,0.0,0.0,0.0,0.0,0.0,0.0,0.0,0.0,0.0,0.0,0
621,Javon Wims,25.0,CHI,WR,16.0,6.0,0.0,0.0,0.0,0.0,0.0,0.0,0.0,0.0,0.0,0.0,0
622,Jason Witten,37.0,DAL,TE,16.0,16.0,0.0,0.0,0.0,0.0,0.0,0.0,0.0,0.0,0.0,1.0,0
623,Deon Yelder,24.0,KAN,TE,9.0,1.0,0.0,0.0,0.0,0.0,0.0,0.0,0.0,0.0,0.0,0.0,0
624,Olamide Zaccheaus,22.0,ATL,WR,10.0,0.0,0.0,0.0,0.0,0.0,0.0,0.0,0.0,0.0,0.0,0.0,0
625,Brandon Zylstra,26.0,CAR,WR,8.0,0.0,0.0,0.0,0.0,0.0,0.0,0.0,0.0,0.0,0.0,1.0,0
